Price,Close,High,Low,Open,Volume,MA50,MA200,Daily_Return
Ticker,AAPL,AAPL,AAPL,AAPL,AAPL,,,
Date,,,,,,,,
2020-01-02,72.33387756347656,72.39408555090253,71.0911838210517,71.34405442839761,135480400,,,
2020-01-03,71.63062286376953,72.38924180059009,71.40665098377971,71.56319023271006,146322800,,,-0.009722342053208655
2020-01-06,72.20140838623047,72.23994237629597,70.50354624985978,70.75401351048198,118387200,,,0.00796845678064928
2020-01-07,71.86183166503906,72.46631471524569,71.64267376172208,72.21103349810856,108872000,,,-0.004703186943042614
2020-01-08,73.0178451538086,73.31888511458335,71.56562867701548,71.56562867701548,132079200,,,0.016086613185117837
2020-01-09,74.56879425048828,74.76145686133366,73.74274246581768,73.99320238999518,170108400,,,0.02124068566269921
2020-01-10,74.73735809326172,75.30091119032697,74.23643098983341,74.80238740809561,140644800,,,0.0022605145284662065
2020-01-13,76.33409118652344,76.36058652225458,74.93485817482635,75.05287082554342,121532000,,,0.021364591069291228
2020-01-14,75.30332946777344,76.48100118582082,75.18051017572739,76.27147857331117,161954400,,,-0.013503294566399204
2020-01-15,74.9806137084961,75.98247543934815,74.54952248725758,75.10344034713454,121923600,,,-0.0042855443651459435
2020-01-16,75.91986846923828,76.03065646802948,75.16124922768141,75.52249718552835,108829200,,,0.012526634743131648
2020-01-17,76.7603759765625,76.76277929851412,75.86207008807327,76.16792404225187,137816400,,,0.011070982132493912
2020-01-21,76.24015045166016,76.83018415127219,76.10287451536945,76.38946504217743,110843200,,,-0.006777266503504187
2020-01-22,76.51231384277344,77.06381371935198,76.41838585398544,76.72423978617735,101832400,,,0.00356981707802162
2020-01-23,76.88078308105469,76.96025438766408,76.01860061750638,76.56529382668359,104472000,,,0.0048158161709555
2020-01-24,76.65921783447266,77.86819158420508,76.46895853504518,77.1264324079885,146537600,,,-0.002881932749676075
2020-01-27,74.40501403808594,75.08415437016195,73.4248264992336,74.67233390344245,161940000,,,-0.029405515214806055
2020-01-28,76.50989532470703,76.68088393464757,75.18531972883665,75.28406170066347,162234000,,,0.028289508628325244
2020-01-29,78.1114273071289,78.95674973344263,77.39856685210137,78.13792264122904,216229200,,,0.020932350980549463
2020-01-30,77.99822235107422,78.0512056603916,76.7651642610764,77.19625539826748,126743200,,,-0.0014492752207634352
2020-01-31,74.5398941040039,77.71164655303768,74.24607885109228,77.29019066933044,199588400,,,-0.04433855212115212
2020-02-03,74.335205078125,75.49842038984059,72.78424642943136,73.28517374937778,173788400,,,-0.002746033226091127
2020-02-04,76.78926086425781,76.9795201431656,75.53211792000401,75.93671379066781,136616400,,,0.033013372110208605
2020-02-05,77.41545104980469,78.21260439944355,76.81337103650588,77.91396771511286,118826800,,,0.008154658327208075
2020-02-06,78.32096099853516,78.32337167005116,77.12884718583062,77.6851684350144,105425600,,,0.011696759967825043
2020-02-07,77.2563705444336,78.06989925267796,76.76632167871378,77.82125391424971,117684000,,,-0.01359266332446396
2020-02-10,77.62328338623047,77.62328338623047,75.76448107418051,75.84414097834794,109348800,,,0.00474928914225714
2020-02-11,77.15496826171875,78.19059132825674,76.93770658748598,78.11817322586252,94323200,,,-0.0060331785011144
2020-02-12,78.98724365234375,78.99206907115294,77.60399867366895,77.60399867366895,113730400,,,0.02374798968758185
2020-02-13,78.42476654052734,78.75066279160559,78.0578358133656,78.26061390209061,94747600,,,-0.007121113306499338
2020-02-14,78.44406127929688,78.69270656111114,77.93711251400148,78.3933612458328,80113600,,,0.0002460286414696089
2020-02-18,77.0077133178711,77.1887659353896,75.94794846047884,76.12900107799734,152531200,,,-0.01831047421565446
2020-02-19,78.12300872802734,78.35234502696264,77.24912913343354,77.24912913343354,93984000,,,0.014482905180583039
2020-02-20,77.32154083251953,78.37164756799683,76.81700838375629,77.88401513292217,100566000,,,-0.010259050548065751
2020-02-21,75.57136535644531,77.35775721221363,74.95578935685651,76.91598466630131,129554000,,,-0.022635031030552644
2020-02-24,71.98167419433594,73.4300947985836,69.82111787989543,71.75958716056493,222195200,,,-0.04750067893014742
2020-02-25,69.54351043701172,73.03179362770307,69.07277807692655,72.65037937541128,230673600,,,-0.03387200679358571
2020-02-26,70.64673614501953,71.90927916190874,69.16210602316792,69.16934783382864,198054800,,,0.015863819658730627
2020-02-27,66.02869415283203,69.04141300899963,65.89350875868202,67.85853712666133,320605600,,,-0.06536808696594065
2020-02-28,65.99008178710938,67.20917433611869,61.88863715289679,62.10348988405487,426510000,,,-0.0005847816046957721
2020-03-02,72.1337890625,72.7686815326321,67.0425894386722,68.14338895911868,341397200,,,0.09310046463059152
2020-03-03,69.8428726196289,73.38667475068135,68.99312746023453,73.30701482551375,319475600,,,-0.031759269444256444
2020-03-04,73.08247375488281,73.24180090646557,70.76259027435336,71.561635057031,219178400,,,0.046384133609410405
2020-03-05,70.71192169189453,72.31242082695749,70.34740002247567,71.33956494467967,187572800,,,-0.03243666971289272
2020-03-06,69.77287292480469,70.20498737405435,67.889928042293,68.07580613740882,226176800,,,-0.013279921470405798
2020-03-09,64.25437927246094,67.1319051551366,63.48912685930832,63.670179502443226,286744800,,,-0.07909225206035475
2020-03-10,68.882080078125,69.14762542571471,65.0268655374001,66.90257561810807,285290000,,,0.07202156270222448
2020-03-11,66.48977661132812,67.8875051992336,65.62796418784407,66.96293286366341,255598800,,,-0.03473041847870395
2020-03-12,59.92359161376953,65.17894700154001,59.86806983845157,61.784814276675704,418474000,,,-0.09875480611014542
2020-03-13,67.1029281616211,67.57366791219874,61.06301183278901,63.94537376560975,370732000,73.7333903503418,,0.1198081816277825
2020-03-16,58.47035598754883,62.542829050103194,57.93685251654096,58.40758870653268,322423600,73.45611991882325,,-0.12864672840029034
2020-03-17,61.041297912597656,62.187961018540406,57.55060118117008,59.749787528944104,324056000,73.2443334197998,,0.04397000636692394
2020-03-18,59.5470085144043,60.350882714180244,57.2416040580175,57.88132562490314,300233600,72.99124542236328,,-0.024479974202595844
2020-03-19,59.09075164794922,61.03646337436918,58.56690646649194,59.72081496454535,271857200,72.73582382202149,,-0.0076621290949436816
2020-03-20,55.339332580566406,60.79263606329375,55.03999095282429,59.67010772190427,401693200,72.38225357055664,,-0.0634857226006027
2020-03-23,54.163700103759766,55.160697700443244,51.32479637531141,55.05930867623348,336752800,71.97415168762207,,-0.021244066778273507
2020-03-24,59.597694396972656,59.79323063321941,56.56083807077307,57.05812866753022,287531200,71.67135841369628,,0.10032538919614331
2020-03-25,59.2693977355957,62.342463745771624,58.9748851242831,60.531937209108364,303602000,71.33006454467774,,-0.0055085463405716295
2020-03-26,62.38833236694336,62.446266859922645,59.47217711965345,59.51080257065681,252087200,71.07176460266113,,0.052623018800720844
2020-03-27,59.80531311035156,61.76792134587147,59.638744081772344,61.0147434951052,204216800,70.76825859069824,,-0.04140228082070707
2020-03-30,61.512027740478516,61.68342585318123,60.206033868463194,60.529517371062305,167976400,70.48010177612305,,0.028537842899973853
2020-03-31,61.38648986816406,63.365997685508034,60.833677514674484,61.702731524008335,197002000,70.17262405395508,,-0.0020408670779656912
2020-04-01,58.15652084350586,60.04188167908633,57.726822887688364,59.50596558883749,176218400,69.81095146179199,,-0.05261693626064967
2020-04-02,59.126956939697266,59.18006600388776,57.188487147319506,58.018915768998035,165934000,69.46324432373046,,0.01668662571481483
2020-04-03,58.2772216796875,59.31284110700112,57.68819653151743,58.61277240805976,129880000,69.09117309570313,,-0.014371368052585543
2020-04-06,63.36117172241211,63.51566611882468,60.20120105165565,60.568131689303875,201820400,68.82521217346192,,0.08723734413194606
2020-04-07,62.6273078918457,65.58933353543772,62.52350615550967,65.3720644929947,202887200,68.58965805053711,,-0.011582232629495759
2020-04-08,64.230224609375,64.54404618126709,63.06183266990903,63.42634690897305,168895200,68.34406463623047,,0.02559453330322703
2020-04-09,64.6937484741211,65.1958720881954,63.89953593356979,64.86515033457846,161834800,68.07571105957031,,0.007216600402148332
2020-04-13,65.96351623535156,66.07215077341053,64.17229875609489,64.77098217772529,131022800,67.83501693725586,,0.019627364176283635
2020-04-14,69.29486083984375,69.58454794114515,67.12222968123038,67.59296937908287,194994800,67.73011627197266,,0.0505028354250594
2020-04-15,68.66240692138672,69.12107217268907,67.74507641878203,68.17235803124424,131154400,67.6166603088379,,-0.009126996010840882
2020-04-16,69.20793914794922,69.57246062788307,68.16024930910858,69.37450807804834,157125200,67.46503387451172,,0.007945136953720455
2020-04-17,68.26891326904297,69.27074378183441,66.83497575491855,68.72516946310567,215250000,67.28210311889649,,-0.013568181489971076
2020-04-20,66.85186004638672,67.9985265094596,66.83255101061553,67.09809629652644,130015200,67.05272109985351,,-0.020756932471910683
2020-04-21,64.78545379638672,66.92911797835283,64.07572694243713,66.69495629705587,180991600,66.80330276489258,,-0.03091022820556044
2020-04-22,66.65149688720703,67.08602016909022,65.71002486509416,66.05039726124157,116862400,66.5838670349121,,0.028803427026768524
2020-04-23,66.39319610595703,68.01542772017612,66.35457066668404,66.59597413685326,124814400,66.36863159179687,,-0.0038753935517324978
2020-04-24,68.30997467041016,68.31963287685757,66.86879493259592,66.91707859777999,126161200,66.15508621215821,,0.0288701053251621
2020-04-27,68.35824584960938,68.68896753125865,67.58092613126625,68.02751680090847,117087600,65.95375579833984,,0.0007066490572149586
2020-04-28,67.25019073486328,69.00036629064134,67.1584635837108,68.81931364694016,112004800,65.72987838745117,,-0.016209531139576905
2020-04-29,69.45906829833984,69.92739192441785,68.53207925404584,68.73485741682383,137280800,65.57890548706055,,0.03284566986858306
2020-04-30,70.92434692382812,71.10057413486881,69.60870223992275,69.99735834734561,183064000,65.43493225097656,,0.021095569828184724
2020-05-01,69.78253173828125,72.17966741995511,69.00521194830733,69.10177190288344,240616800,65.2841520690918,,-0.016099058152388324
2020-05-04,70.76985168457031,70.89779524622708,69.11865261133845,69.80665406694762,133568000,65.1881217956543,,0.014148525736956685
2020-05-05,71.83203125,72.66245995311394,71.0836788601292,71.2285224464027,147751200,65.18512893676758,,0.015008927391340965
2020-05-06,72.5731430053711,73.20320267035598,72.14827044329485,72.5321011645588,142333600,65.24572158813477,,0.010317288018652393
2020-05-07,73.32389831542969,73.66911092684012,72.89661676334377,73.19837114485792,115215200,65.29926483154297,,0.010344809098360663
2020-05-08,75.06913757324219,75.12239040799929,73.65552559886389,73.98230402182824,133838400,65.48007369995118,,0.023801779473108686
2020-05-11,76.25035095214844,76.74414173878206,74.36956400000152,74.57773678757478,145946400,65.68527908325196,,0.015735006649753913
2020-05-12,75.37897491455078,77.3832066763356,75.25794640867731,76.93297679324957,162301200,65.75018280029298,,-0.011427829861983096
2020-05-13,74.46881866455078,76.47789576756719,73.39408522317618,75.55807493186354,200622400,65.8427017211914,,-0.012074404713406484
2020-05-14,74.92632293701172,74.98683718466037,72.98744407851115,73.70877656980059,158929200,65.87957870483399,,0.006143568283549561
2020-05-15,74.48334503173828,74.52933644505968,72.66791783323735,72.70180935336562,166348400,65.95500717163085,,-0.005912179964387643
2020-05-18,76.23826599121094,76.61103581678174,75.11512542110488,75.80498930633232,135178400,66.08431503295898,,0.023561253307365027
2020-05-19,75.79771423339844,77.09997437404789,75.76624564907384,76.25519801175672,101729600,66.31518173217773,,-0.005778617234857952
2020-05-20,77.27183532714844,77.34202651721908,76.61585573751951,76.6545857322091,111504800,66.4829768371582,,0.0194480942949129
2020-05-21,76.69576263427734,77.67367499164858,76.45854411277335,77.1338852173559,102688800,66.68709655761718,,-0.007455144431760319
2020-05-22,77.18955993652344,77.27185842972254,76.33267609193112,76.43433589476804,81803200,67.03241592407227,,0.006438390926507331
2020-05-26,76.66671752929688,78.4845606060167,76.61104175906425,78.30544078691085,125522000,67.22369171142579,,-0.006773486047290889
2020-05-27,77.00074005126953,77.1459757123096,75.7856167074525,76.52389490649263,112945200,67.5942993927002,,0.004356812613570016
2020-05-28,77.03463745117188,78.29091382648822,76.4004493161322,76.67639044487011,133560800,67.91416618347168,,0.0004402217417620591
2020-05-29,76.95958709716797,77.73658783652532,76.60376308600569,77.27668110998019,153532400,68.26241775512695,,-0.0009742416721501002
2020-06-01,77.90605163574219,78.0270801430567,76.78290354210658,76.91361639836452,80791200,68.63872375488282,,0.0122982018780744
2020-06-02,78.26670837402344,78.29091555107586,77.1992361328535,77.6397816394303,87642800,69.09727127075195,,0.004629380269039141
2020-06-03,78.69757843017578,78.95900415271024,78.01497584988421,78.58623426753769,104491200,69.58794883728028,,0.005505151105796857
2020-06-04,78.01982879638672,78.81861409294638,77.64705887739464,78.52088865420797,87560400,69.95639152526856,,-0.008612077363859383
2020-06-05,80.24188995361328,80.30240419943048,78.2400813612976,78.26912701737099,137250400,70.3758413696289,,0.028480723317473755
2020-06-08,80.71631622314453,80.75020774515244,79.23009024878114,79.93931540745123,95654400,70.74240104675293,,0.00591245133689533
2020-06-09,83.26516723632812,83.65729831044091,80.3653297249553,80.39679831013578,147712400,71.21159812927246,,0.03157789072208361
2020-06-10,85.4073715209961,85.87453965160508,83.77348714351568,84.2116096226659,166651600,71.68950500488282,,0.025727496332143662
2020-06-11,81.30691528320312,84.97649895645569,81.20525551685317,84.55289936035253,201662400,72.0879135131836,,-0.048010565888741086
2020-06-12,82.00890350341797,84.18741636682982,80.90028576320306,83.44188410385023,200146000,72.56496116638183,,0.008633807072494726
2020-06-15,83.02310943603516,83.67424321088224,80.5032957450343,80.66547714891838,138808800,73.0428842163086,,0.012367022229176738
2020-06-16,85.22340393066406,85.49451390772815,83.44186840333514,85.07332981023045,165428800,73.58180786132813,,0.026502193299856147
2020-06-17,85.10482025146484,86.02705683600927,84.98379175074255,85.96654258564811,114406400,74.01668083190918,,-0.0013914449990251043
2020-06-18,85.13871002197266,85.55504835135272,84.53114459703605,85.06125001022909,96820400,74.46690887451172,,0.00039821211545576496
2020-06-19,84.65216827392578,86.30783714893171,83.54596609025744,85.8430918789263,264476000,74.87534774780273,,-0.005714694854095259
2020-06-22,86.86697387695312,87.00978658675993,84.99829398313842,85.04428539322777,135445200,75.31881225585937,,0.026163601573210293
2020-06-23,88.72113037109375,90.13716495464834,87.68996543764521,88.10872660527849,212155600,75.77396453857422,,0.02134478054648281
2020-06-24,87.15504455566406,89.26820486684538,86.78227469992099,88.35080675031271,192623200,76.13116821289063,,-0.017651779332378048
2020-06-25,88.31207275390625,88.35080275936323,86.55232106785238,87.30996064055707,137522400,76.52416152954102,,0.01327551611201594
2020-06-26,85.59860229492188,88.42824869367755,85.4509437109353,88.20797597788908,205256800,76.85197479248046,,-0.030725928792837087
2020-06-29,87.57138061523438,87.66578639039905,85.02978213117639,85.5066347136651,130646000,77.2380241394043,,0.023046852021198605
2020-06-30,88.3023681640625,88.58800096545747,87.1404978146636,87.15985911945725,140223200,77.66703430175781,,0.008347333840034832
2020-07-01,88.13536071777344,88.92204587845694,88.08695375546539,88.37984062385425,110737200,78.13403244018555,,-0.0018913133335084487
2020-07-02,88.13536071777344,89.67484690422407,88.02160103220285,89.04065881814572,114041600,78.56370971679688,,0.0
2020-07-06,90.49301147460938,90.96017971455592,89.52962194946613,89.56109054157537,118655600,79.04570602416992,,0.026750338770219484
2020-07-07,90.21219635009766,91.64759214853022,90.10085223248505,90.87059148435713,112424400,79.48375045776368,,-0.0031031691832966724
2020-07-08,92.31327056884766,92.34473915860562,91.10056271828748,91.18770707353977,117092000,79.96285095214844,,0.02329035655662448
2020-07-09,92.71025848388672,93.25730230757911,91.66457041968785,93.20404946948581,125642800,80.4720523071289,,0.0043004425321815365
2020-07-10,92.8724365234375,92.93053523193312,91.6960429410668,92.30602397781523,90257200,80.94031967163086,,0.0017492998315711272
2020-07-13,92.44398498535156,96.77922651804644,92.23097365442625,94.17469096863013,191649200,81.37071243286132,,-0.004613333666311337
2020-07-14,93.97379302978516,94.16501274371473,90.89482765300735,91.82674120591236,170989200,81.85453765869141,,0.01654848657461061
2020-07-15,94.62007904052734,96.09420527190387,93.42431687945134,95.84488685944433,153198000,82.33154220581055,,0.006877300467560632
2020-07-16,93.45578002929688,94.31024088700049,92.85789898357274,93.49451003316076,110577600,82.76401718139648,,-0.012304988782896542
2020-07-17,93.26698303222656,94.06092970486094,92.79496892260524,93.90601706451432,92186800,83.1778939819336,,-0.002020174643142747
2020-07-20,95.23248291015625,95.37045717183655,93.01040144233045,93.35412562962276,90318000,83.61606567382813,,0.0210739086226317
2020-07-21,93.91809844970703,96.09661104261261,93.6687800817764,96.02157397759412,103433200,83.99304489135743,,-0.013801850170064633
2020-07-22,94.18194580078125,94.86212529718233,93.53323489247579,93.62037185613211,89001600,84.35167678833008,,0.0028093344672592835
2020-07-23,89.89512634277344,93.99314942038049,89.08665688068213,93.91568941051719,197004400,84.64199981689453,,-0.04551636114075963
2020-07-24,89.67243957519531,90.01616378626149,86.31268703007238,88.0966534330444,185438800,84.94607223510742,,-0.002477183988028542
2020-07-27,91.79769134521484,91.88967418415685,90.50995376100627,90.73264205708286,121214000,85.28349960327148,,0.023700166741168927
2020-07-28,90.28968811035156,91.5459645894224,90.28484224245163,91.36926031193099,103625600,85.59962646484375,,-0.01642746361879932
2020-07-29,92.0203857421875,92.20435141750036,90.73506372270917,90.77137079362801,90329200,85.91526885986327,,0.019168275669760648
2020-07-30,93.13383483886719,93.23791755492837,90.78830239250956,91.19495629734762,158130000,86.26199127197266,,0.012100026398489838
2020-07-31,102.88390350341797,103.03397765297315,97.62157959922047,99.61613418906329,374336800,86.77423263549805,,0.10468879201011738
2020-08-03,105.47633361816406,108.09054616095987,104.4645371706777,104.76226254133908,308151200,87.34984405517578,,0.02519762593047381
2020-08-04,106.18071746826172,107.26997389606046,104.94380243901392,105.6651349105181,173071600,87.92966720581055,,0.006678122247286256
2020-08-05,106.56559753417969,106.88511455690511,105.43761099297775,105.90236369757778,121776800,88.52764480590821,,0.0036247642236266753
2020-08-06,110.2835922241211,110.7773905993439,106.30902020460445,106.89721697372634,202428800,89.19330184936524,,0.03488925859725889
2020-08-07,107.77620697021484,110.26176460572711,106.98082882286342,109.80587577731004,198045600,89.8081332397461,,-0.022735795990492247
2020-08-10,109.34270477294922,110.35875275642206,106.69710077257369,109.21903076531765,212403600,90.45579559326171,,0.014534727531905878
2020-08-11,106.09086608886719,109.10505737675727,105.83139636601508,108.60794885006547,187902400,91.01949188232422,,-0.029739877853163565
2020-08-12,109.61672973632812,109.87377217439806,106.98567459916234,107.17966637873178,165598000,91.6464923095703,,0.03323437518652628
2020-08-13,111.55665588378906,112.55815472074357,110.50665541102485,110.99406946976315,210082000,92.30367385864258,,0.017697354702400192
2020-08-14,111.45723724365234,111.5469586132698,109.65065854076958,111.38206488530741,165565200,92.9724220275879,,-0.0008911941591390748
2020-08-17,111.166259765625,112.60182410704658,110.54062998121614,112.57757328432733,119561600,93.59090942382812,,-0.0026106647286729956
2020-08-18,112.09258270263672,112.51694618501556,110.58427334354063,110.91891544512356,105633600,94.21843475341797,,0.008332770563340919
2020-08-19,112.23320770263672,113.64452094897047,112.13863913268811,112.49995190044544,145538000,94.79779556274414,,0.0012545433124067085
2020-08-20,114.72364044189453,114.837612647254,112.25747906222769,112.27445537799255,126907200,95.38412094116211,,0.022189802735178343
2020-08-21,120.63561248779297,121.11817195845913,115.66934527196243,115.6814669811538,338054800,96.17069488525391,,0.051532291192352364
2020-08-24,122.07845306396484,124.91805616382935,120.21610549023623,124.83317459173283,345937600,96.97208587646485,,0.011960320393100021
2020-08-25,121.07698059082031,121.42132455723713,119.35770286204193,120.95331395948224,211495600,97.73316329956054,,-0.008203515428064856
2020-08-26,122.7234878540039,123.17937664467517,121.32672345710665,122.39127306939878,163022400,98.48316497802735,,0.013598846412828491
2020-08-27,121.25640869140625,123.65709200762272,120.11425938434616,123.32487721481381,155552400,99.20619674682617,,-0.011954347030479928
2020-08-28,121.05998229980469,122.64588380173389,120.83688511649021,122.2287948592591,187630000,99.92462219238281,,-0.0016199258556425233
2020-08-31,125.1653823852539,127.06653708598974,122.2166692582802,123.74922926791106,225702700,100.73488647460937,,0.033912115361806494
2020-09-01,130.1510772705078,130.75247109042868,126.61067882372832,128.77371625173845,151948100,101.60056854248047,,0.03983285785767943
2020-09-02,127.45449829101562,133.83692501161136,123.18662126963814,133.4586359792648,200119000,102.3752359008789,,-0.02071883718555456
2020-09-03,117.25040435791016,124.97139321089942,116.88181705951085,123.09935129507485,257599600,102.97714309692383,,-0.08006068102678154
2020-09-04,117.3280029296875,119.98572845730746,107.56036930998823,116.46472703859587,332607200,103.55746170043945,,0.0006618192252920707
2020-09-08,109.43242645263672,115.41716207276087,109.29663073421304,110.52849400857393,231366600,104.03413818359375,,-0.06729490215377187
2020-09-09,113.79731750488281,115.56266939432574,111.799173992742,113.7391214492864,176940500,104.55865692138671,,0.03988663318303787
2020-09-10,110.0822982788086,116.88181506989982,109.12202651754133,116.74601936225844,182274400,104.99425552368164,,-0.032645929689114284
2020-09-11,108.63703918457031,111.77005705290503,106.69709205627441,111.1298709484181,180860300,105.40428909301758,,-0.01312889644234927
2020-09-14,111.89617919921875,112.44906397434094,109.41304861625771,111.27539655347849,140150100,105.87950546264648,,0.030000265462972298
2020-09-15,112.07077026367188,115.26198485471991,110.19872059172918,114.77699796976391,184642000,106.31106063842773,,0.0015602951387847508
2020-09-16,108.76314544677734,112.51694623083202,108.6758513682307,111.77006975767836,154679000,106.68207962036132,,-0.02951371538816583
2020-09-17,107.02689361572266,108.83104527474275,105.4458391619844,106.42551466292394,178011000,106.97635208129883,,-0.015963604435330625
2020-09-18,103.6319808959961,107.5506753180143,102.9045006607274,107.08509211161683,287104900,107.19478652954102,,-0.0317201836382911
2020-09-21,106.77469635009766,106.88139403880808,100.00427732246104,101.4010416835348,195713800,107.47283172607422,,0.030325729827123116
2020-09-22,108.45275115966797,109.47122644967507,105.8823269140235,109.29663089711133,183055400,107.79300704956054,,0.015715847171021036
2020-09-23,103.90357971191406,108.74374613747926,103.56408301527631,108.2684611226227,150718700,107.99160278320312,,-0.04194611385244118
2020-09-24,104.9705581665039,106.93960365288808,101.84724157417912,102.01213533208141,167743300,108.19861236572265,,0.010268928727462212
2020-09-25,108.90864562988281,109.06384497371614,104.4370662899755,105.17424837255975,149981400,108.50766967773437,,0.03751611434829494
2020-09-28,111.50817108154297,111.85736219121794,109.39362820642745,111.55667272467461,137672400,108.87249343872071,,0.023868862169991845
2020-09-29,110.6642837524414,111.84765272079834,110.15990073985728,111.1104781178147,99382200,109.1811294555664,,-0.007567941621824725
2020-09-30,112.33264923095703,113.73911550361659,110.20841190929694,110.37330565840851,142675200,109.54942047119141,,0.015075916293352476
2020-10-01,113.28321838378906,114.18529413378772,112.35204460964711,114.10769446919807,116120400,109.93144592285157,,0.008462091469752853
2020-10-02,109.62643432617188,111.90587864952262,108.85045973551675,109.5003403977725,144712000,110.32607208251953,,-0.03228001560856497
2020-10-05,113.0019302368164,113.14742776439395,110.14051092914185,110.4897020352033,106243800,110.79266189575195,,0.030790893924374174
2020-10-06,109.76219940185547,112.63331993229768,108.87952000821461,112.22592545814258,161498200,111.15195205688477,,-0.02866969465186553
2020-10-07,111.62457275390625,112.08046156708008,110.70309331868141,111.17838574960963,96849000,111.57864974975585,,0.01696734724886806
2020-10-08,111.51785278320312,112.90491516312255,111.1492581226096,112.75941766027303,83477200,111.96859909057618,,-0.0009560616275630096
2020-10-09,113.45782470703125,113.48692273393875,111.46937566481606,111.81856678833006,100506900,112.37507888793945,,0.017396065969809582
2020-10-12,120.66471099853516,121.42128918284882,115.69844376260184,116.45502194691551,240226800,112.7306950378418,,0.06352039896863348
2020-10-13,117.46379852294922,121.62498605023444,116.05733979847938,121.50858655705257,262330500,112.9704443359375,,-0.026527328902522296
2020-10-14,117.55109405517578,119.33584179194668,116.02823591444664,117.36679671702483,150712000,113.19785186767578,,0.0007431696686490685
2020-10-15,117.08550262451172,117.560787576873,114.60237278324881,115.15525739322722,112559200,113.40824996948243,85.72324420928955,-0.003960757953009986
2020-10-16,115.44625854492188,117.90029805270329,115.24256497002679,117.63840102761567,115393800,113.51150329589844,85.93880611419678,-0.014000401781993688
2020-10-19,112.49755096435547,116.80422908289772,112.1871596819352,116.35804207693808,120639300,113.60593017578125,86.1431407546997,-0.025541820217751088
2020-10-20,113.98159790039062,115.40746025257594,112.15804282671203,112.71092747344602,124423700,113.69870803833008,86.35204170227051,0.013191815495658066
2020-10-21,113.36082458496094,115.14557257156684,112.9534300225298,113.16682541230045,89946000,113.84410720825196,86.55953666687012,-0.00544625910554597
2020-10-22,112.27444458007812,114.49568501963495,111.14927164811971,113.92339674553574,101988000,113.89726150512695,86.75581966400146,-0.009583381285909742
2020-10-23,111.58577728271484,113.05043966735408,110.84859518576691,112.89524032049677,82572600,113.89784393310546,86.94090457916259,-0.006133784940455467
2020-10-26,111.59546661376953,113.05042702646372,109.49061825916863,110.58669317293085,111850700,113.90060852050782,87.12519512176513,8.68330291783348e-05
2020-10-27,113.09890747070312,113.75848974001332,111.10076444910626,112.02223630461869,92276800,113.93926147460938,87.30901920318604,0.013472239532247077
2020-10-28,107.8610610961914,111.96405267029793,107.76406521649079,111.59546536731106,143937800,113.85463104248046,87.47180786132813,-0.04631208639984885
2020-10-29,111.85736083984375,113.41901900582575,108.83104039265947,108.99594153712782,146129200,113.8471141052246,87.65619159698487,0.03705043973272626
2020-10-30,105.59133911132812,108.6273541724171,104.4855696692542,107.72527832227131,190272600,113.66446807861328,87.80454895019531,-0.056017965035731976
2020-11-02,105.50403594970703,107.356689266343,104.09757704674024,105.83383085542181,122866900,113.36183654785157,87.94826725006104,-0.0008268022960581378
2020-11-03,107.12388610839844,108.14235394209176,105.46523215040254,106.36730788899447,107624400,113.06274520874024,88.10268592834473,0.01535344258738669
2020-11-04,111.49847412109375,112.119256698551,108.97654397513469,110.71279779031768,138235500,112.8711750793457,88.27761672973632,0.0408367187899501
2020-11-05,115.45596313476562,116.02825144019144,113.36082388514865,114.40838980980128,126387100,112.72582458496093,88.47049263000488,0.0354936607417049
2020-11-06,115.3248062133789,115.82034093796346,112.83738439067113,114.96529408792372,114457900,112.60719253540039,88.66382057189941,-0.0011359908819401632
2020-11-09,113.02198791503906,118.53122507296646,112.7596464655049,117.08347300114552,154515300,112.44643264770508,88.85690544128418,-0.019968108978037802
2020-11-10,112.68191528320312,114.25597883957684,110.8940807658282,112.27382528066764,138023400,112.19676330566406,89.03776554107667,-0.0030089068340540814
2020-11-11,116.10210418701172,116.23813418126791,113.13858512576901,113.86732041488949,112295000,111.91578384399413,89.22771892547607,0.030352598242696205
2020-11-12,115.83003997802734,117.1126137436234,115.20818648034917,116.22841881317535,103162300,111.68329467773438,89.41687801361084,-0.002343318503049252
2020-11-13,115.8786392211914,116.27701069114,114.52805029862242,116.0535360017511,81581900,111.655859375,89.62357173919678,0.0004195737407435285
2020-11-16,116.88916015625,117.55959167779801,114.80011721095168,115.54828228699445,91183000,111.64708251953125,89.8363415145874,0.00872051088837611
2020-11-17,116.00495147705078,117.24865863043144,115.58714291023577,116.16041857776305,74271000,111.77853302001954,90.03241996765136,-0.007564505365743601
2020-11-18,114.68350982666016,116.42275908285534,114.65436159878705,115.24706694247119,76322100,111.79625686645508,90.21876026153565,-0.011391252128164941
2020-11-19,115.27622985839844,115.68431992677777,113.49811360078527,114.25599727436983,74113000,111.90013549804688,90.40353660583496,0.005168310881260574
2020-11-20,114.01305389404297,115.40250938194856,113.96447599254086,115.27619794234921,73604300,112.00765579223633,90.58732002258301,-0.010957818154767152
2020-11-23,110.62200164794922,114.28511473034199,110.52483843743296,113.85758770837712,127959300,111.98217224121093,90.7523136138916,-0.029742666565577558
2020-11-24,111.90458679199219,112.56530706965945,109.39773567263003,110.68031687022992,113874200,111.97884857177735,90.92606170654297,0.01159430425174146
2020-11-25,112.74019622802734,113.43978322932423,111.90457924459807,112.27380983588145,76499200,112.05838958740235,91.09482646942139,0.007467159836695325
2020-11-27,113.2843246459961,114.15880846315034,112.92481998616722,113.26489496698315,46691300,112.18353820800782,91.26912425994873,0.004826392326550577
2020-11-30,115.67457580566406,117.54013622605181,113.49808123546687,113.65354831037159,169410200,112.42439010620117,91.45527683258057,0.02109957548970076
2020-12-01,119.24051666259766,119.96925188593028,116.60735427852516,117.57900124296866,127728200,112.67370651245118,91.6664408493042,0.030827351923247592
2020-12-02,119.59034729003906,119.87212588677608,117.4624374051066,118.56039614708436,89004200,112.89645843505859,91.87377754211425,0.0029338234790721174
2020-12-03,119.45430755615234,120.270487635051,118.74500184780301,120.01785729073868,78967600,113.20747299194336,92.08444137573242,-0.0011375477784739685
2020-12-04,118.78385162353516,119.37655691588907,118.07454601670749,119.12392660773527,78260400,113.48373886108398,92.30050380706787,-0.0056126559714225754
2020-12-07,120.24132537841797,121.03807568238211,118.78385476777048,118.84215122001115,86712000,113.71039245605469,92.54180206298828,0.012269965445320219
2020-12-08,120.85347747802734,121.43647173529656,119.60005168582639,120.84376634333147,82225500,113.89729858398438,92.79835189819336,0.005091029208825093
2020-12-09,118.32717895507812,122.37894545635208,117.5692954268489,120.99920839659741,115089200,114.0505564880371,93.03675411224366,-0.020903813242846292
2020-12-10,119.74578094482422,120.35792333365181,116.7433951040976,117.08347009062476,81312200,114.19881912231445,93.30533954620361,0.011988809352791563
2020-12-11,118.9393310546875,119.27940607418536,117.13206676469383,118.95876073591047,86939800,114.31194137573242,93.5700857925415,-0.006734683124312468
2020-12-14,118.32717895507812,119.85266455789507,118.09398573402578,119.12392925566253,79184500,114.48595626831055,93.8010527420044,-0.005146759227424247
2020-12-15,124.25423431396484,124.27367140820184,120.61055751786674,120.81460252887871,157243700,114.71100234985352,94.07310955047608,0.05009039690819361
2020-12-16,124.18622589111328,124.73034594931227,122.97166689471923,123.79757294273104,98208600,114.99948287963868,94.32862831115723,-0.0005473328392151533
2020-12-17,125.05097961425781,125.90603381216341,124.40968896582861,125.24530607028412,94359800,115.2680110168457,94.60032360076904,0.006963362618836344
2020-12-18,123.06881713867188,125.43963827870924,122.54412684965975,125.30360828671483,192541500,115.49903030395508,94.86680332183838,-0.015850835248954254
2020-12-21,124.59429931640625,124.67203286094654,119.94982751976666,121.47531311924551,121251600,115.72175979614258,95.16850292205811,0.012395359061714961
2020-12-22,128.1408233642578,130.59908932336018,125.97403967211778,127.87847449783371,168904800,115.87128204345703,95.46479663848876,0.028464577170141503
2020-12-23,127.24691772460938,128.67522539994948,127.07201352740594,128.41289134338277,88223700,116.06694442749023,95.76858234405518,-0.006975962977133321
2020-12-24,128.228271484375,129.67603102914552,127.3829432351903,127.59670678746939,54930100,116.28048797607421,96.1101057434082,0.0077122006356924455
2020-12-28,132.81443786621094,133.44600251933943,129.72459253226933,130.19099379190865,124486200,116.5950666809082,96.43866329193115,0.03576564145134542
2020-12-29,131.0460205078125,134.85487480481046,130.53104880605997,134.1358655444837,121047300,116.90706192016602,96.80154161453247,-0.01331494818492418
2020-12-30,129.92864990234375,132.13429294527648,129.61771571736733,131.7359140805847,96452100,117.25568389892578,97.1459783744812,-0.00852655121566348
2020-12-31,128.92782592773438,130.91970498226274,127.98532727499882,130.27841448791915,99116600,117.55460845947266,97.49288246154785,-0.007702873656900255
2021-01-04,125.7408218383789,129.82173562437615,123.16595621510766,129.73429096655542,143301900,117.80220840454102,97.8261328125,-0.024719288225195313
2021-01-05,127.29546356201172,128.00477652137644,124.78861261288198,125.23557674034254,97664900,118.10262878417969,98.18591346740723,0.012363858458242616
2021-01-06,123.01052856445312,127.33436285992687,122.79676500387103,124.09877604874403,155088000,118.33112380981446,98.5301476097107,-0.03366133307233843
2021-01-07,127.20802307128906,127.89789896268525,124.2347856325796,124.72060913109178,109578200,118.64337493896484,98.86819925308228,0.03412305073249566
2021-01-08,128.30601501464844,128.8695721666665,126.53761000388556,128.67523086681507,105158200,118.94751708984376,99.21338233947753,0.008631467708165363
2021-01-11,125.3230209350586,126.47928319135579,124.85663454489163,125.52707332046941,100384500,119.29675628662109,99.52805578231812,-0.023249058738588957
2021-01-12,125.14815521240234,126.01292057820679,123.26315737935117,124.85665810373773,91951100,119.56257217407227,99.85476999282837,-0.0013953200405762978
2021-01-13,127.17889404296875,127.72301407124303,124.84694682860504,125.10928088256377,88636800,119.99432327270507,100.18310432434082,0.016226678108996584
2021-01-14,125.2550277709961,127.28576659581172,125.10927181431389,127.09144014639318,90221800,120.38934310913086,100.50244701385498,-0.01512724486598116
2021-01-15,123.53520965576172,126.52788445335536,123.39917965706009,125.12871028033413,111598500,120.71756958007812,100.82934045791626,-0.013730531586953254
2021-01-19,124.20565032958984,125.0607045202907,123.34088500532488,124.15706500945309,90757300,120.97171310424805,101.15473392486572,0.005427122159717523
2021-01-20,128.28656005859375,128.73352422939956,124.90523244341398,125.0121142129877,104319500,121.2283250427246,101.50478061676026,0.03285607150862213
2021-01-21,132.98934936523438,135.7099645282226,129.80234769109845,130.0064001294405,120150900,121.58161590576172,101.85292150497436,0.03665847228651753
2021-01-22,135.12696838378906,135.88485193048166,131.19179469063414,132.4160646907934,114459400,122.02371551513671,102.21541980743409,0.016073610621885503
2021-01-25,138.86778259277344,140.97625472972098,132.66867020571667,139.01353853335786,157611700,122.54743286132812,102.58860759735107,0.0276836981819919
2021-01-26,139.1009979248047,140.20867499016745,137.36174136904043,139.52852500725305,98390600,123.00741073608398,102.96064384460449,0.0016794056020550396
2021-01-27,138.03213500976562,140.20862906839398,136.42892380183298,139.3632863136388,140843800,123.45145263671876,103.32098693847657,-0.007684077979202342
2021-01-28,133.20309448242188,137.96417406452278,132.82415271471342,135.5642045936499,142621100,123.79794174194336,103.64052810668946,-0.03498490063203108
2021-01-29,128.2185516357422,132.86302336292994,126.51816929301403,131.9788209864335,177523800,124.02452957153321,103.93830883026124,-0.0374206234926282
2021-02-01,130.3367462158203,131.5415940017464,127.21775238608966,129.95780442586786,106239800,124.3111654663086,104.24395286560059,0.01652018801534849
2021-02-02,131.16265869140625,132.44522526454477,130.79342801715512,131.88166811874655,83305400,124.64074844360351,104.5584215927124,0.0063367584320259684
2021-02-03,130.14242553710938,131.92054165395052,129.82178018887643,131.91081569341782,89880900,124.93807235717773,104.87487442016601,-0.0077783811678995285
2021-02-04,133.49461364746094,133.50432478243863,130.7739984115147,132.43552171463995,84183100,125.32770355224609,105.21842021942139,0.025757842582976087
2021-02-05,133.08106994628906,133.72331912038942,132.20528641674758,133.6552098828253,75693800,125.77688491821289,105.5505680847168,-0.003097830615578112
2021-02-08,133.22694396972656,133.27560187343457,131.29047224928507,132.3706123790497,71297200,126.20333206176758,105.88473682403564,0.0010961290249347222
2021-02-09,132.35121154785156,134.1709170758531,132.1955269668042,132.9448026300194,76774200,126.59555236816406,106.20494300842284,-0.0065732380836867055
2021-02-10,131.7478790283203,133.3048434386966,130.78450562896475,132.80855342312873,73046600,126.96482345581055,106.52189117431641,-0.0045585719426007865
2021-02-11,131.494873046875,132.72097244544923,130.17145780866096,132.24414858851415,64280000,127.28122940063477,106.84311458587646,-0.0019203799204307037
2021-02-12,131.72842407226562,131.88412349618312,130.09362466607496,130.73587365349886,60145100,127.53098754882812,107.1544613647461,0.001776122672914937
2021-02-16,129.60707092285156,132.35120265140839,129.21782237561078,131.84520181246612,80576300,127.73132202148437,107.4478749847412,-0.01610398943397595
2021-02-17,127.32025909423828,128.66314035492906,125.98711832566399,127.71923321492339,97918500,127.8886410522461,107.735563621521,-0.017644190338770183
2021-02-18,126.220703125,126.50289535830979,123.9825720066899,125.72441303259558,96856700,128.03737808227538,108.01281787872314,-0.008636143038512234
2021-02-19,126.37638854980469,127.19380316380035,125.33518012530345,126.7364453512212,87668800,128.16007934570314,108.28553966522217,0.0012334381044487586
2021-02-22,122.6104736328125,126.23040308983671,122.22123254914695,124.56639727156255,103916400,128.19521926879884,108.53572631835938,-0.029799197145976786
2021-02-23,122.4742431640625,123.30137584564321,115.20519230196524,120.43073670834654,158273000,128.2781605529785,108.78147804260254,-0.0011110834557085392
2021-02-24,121.97795867919922,122.18230857916163,118.94189453786483,121.57899194807914,111039900,128.322804107666,109.01602214813232,-0.004052153922669888
2021-02-25,117.7352523803711,123.05810538980377,117.29736077604736,121.32599026278942,148199500,128.2987225341797,109.22344665527343,-0.034782565184472425
2021-02-26,117.99799346923828,121.49141551253575,117.93960247752109,119.29220956982277,164560400,128.29213882446288,109.43654174804688,0.0022316263273325365
2021-03-01,124.3523178100586,124.4885510714253,119.48682297794498,120.42099709481208,116307900,128.29410049438476,109.68595924377442,0.053851121989433315
2021-03-02,121.75415802001953,125.25731317881322,121.6471165286429,124.95565484356455,102260900,128.2454591369629,109.92009841918946,-0.020893537296245768
2021-03-03,118.7764663696289,122.32827934815643,118.56238339310273,121.45248872789318,112966300,128.1199688720703,110.1415640258789,-0.0244565910422625
2021-03-04,116.89837646484375,120.2750310748952,115.42900236715201,118.47479946720621,178155000,127.99656005859374,110.34486457824707,-0.015811969847129403
2021-03-05,118.15367126464844,118.65968686991202,114.40724183835442,117.7255127803743,153766600,127.8677474975586,110.55664436340332,0.010738342462627948
2021-03-08,113.22982025146484,117.74499981575629,113.08385389082869,117.67688317068041,154376600,127.56952743530273,110.7364342880249,-0.041673279894577475
2021-03-09,117.83255767822266,118.77646492277744,115.5944343694315,115.82797605727136,129525800,127.381240234375,110.94211826324462,0.04064951632472691
2021-03-10,116.75242614746094,118.88350799775948,116.23667741969722,118.41642461584055,111943300,127.15172332763672,111.13993259429931,-0.009166664562364368
2021-03-11,118.67913055419922,119.89550407261814,117.99796435354652,119.24352964854275,103026500,126.86901718139649,111.34999465942383,0.01650247853783182
2021-03-12,117.77417755126953,117.91041082516712,115.9544870681418,117.16112781873039,88105100,126.60358032226563,111.55386184692382,-0.0076252075550587994
2021-03-15,120.65454864501953,120.6642817142442,117.18058534747087,118.14395874848536,92403800,126.41809829711914,111.77196140289307,0.024456728576993214
2021-03-16,122.1920394897461,123.79765430298438,121.36490683570095,122.31853968534864,115227900,126.28338256835937,111.99812366485595,0.01274291654971127
2021-03-17,121.40382385253906,122.47423118424491,119.04891881379946,120.71292450730932,111932600,126.19664260864258,112.21561252593995,-0.006450630012384551
2021-03-18,117.28762817382812,119.86634216018179,117.08327826271949,119.57440947336566,121229700,125.99648590087891,112.41071712493897,-0.03390499201829589
2021-03-19,116.76215362548828,118.16341864155612,116.46049529392347,116.67457827406234,185549500,125.87151840209961,112.60104000091553,-0.0044802214566147525
2021-03-22,120.07069396972656,120.5377847911862,117.024896545298,117.0930131834112,111912300,125.72877182006836,112.81129432678223,0.02833572558836428
2021-03-23,119.24356079101562,120.89782623844285,118.8543196786337,120.0123099463268,95467100,125.5475227355957,113.00630268096924,-0.0068887182322731055
2021-03-24,116.85946655273438,119.5938800533793,116.8400078374971,119.51603034411634,88530500,125.37825164794921,113.1870184326172,-0.0199934841132392
2021-03-25,117.34600830078125,118.38723138862223,115.79878440882977,116.32425877519718,98844700,125.2222087097168,113.35742263793945,0.0041634774006718
2021-03-26,117.94933319091797,118.21207408800578,115.72093550893463,117.11246742653448,94071200,125.03761749267578,113.52013244628907,0.005141418092299066
2021-03-29,118.12449645996094,119.28248673827066,117.48225492917581,118.3775042989523,80819200,124.89500686645508,113.70422035217285,0.0014850721433028458
2021-03-30,116.6745834350586,117.16113298447573,115.66255948137214,116.87893335491496,85671900,124.75779434204101,113.87754875183106,-0.012274448301193841
2021-03-31,118.86406707763672,120.19720821125276,117.89096789144921,118.37751748454296,118323800,124.65096267700196,114.05675354003907,0.01876572924553699
2021-04-01,119.691162109375,120.83941908348807,119.19487960235314,120.33341093306862,75089100,124.47905471801758,114.22909233093262,0.006958326869280551
2021-04-05,122.51316833496094,122.7661761594041,119.75929632134557,120.53777850848313,88651200,124.26953109741211,114.4161340713501,0.023577398496700708
2021-04-06,122.81482696533203,123.71007628588559,122.26989388745704,123.09702657327624,80171300,124.02328826904296,114.6045146560669,0.0024622547475576795
2021-04-07,124.4593734741211,124.47883218903853,121.77361794195266,122.44505868103397,83466700,123.73512008666992,114.80355068206786,0.013390455773334864
2021-04-08,126.85319519042969,126.88238697462579,125.0626964676061,125.48112193995918,88844600,123.49016403198242,115.00348178863526,0.01923375997715704
2021-04-09,129.42218017578125,129.46109760648577,125.9871415439433,126.30826602843275,106686700,123.31796493530274,115.20698703765869,0.0202516379780191
2021-04-12,127.70954895019531,129.2762393125197,127.11595782289686,128.95511478316322,91420000,123.20809402465821,115.40975955963135,-0.013232903535235208
2021-04-13,130.81369018554688,131.0375136441806,128.38094270892825,128.87723269707828,91266500,123.2599967956543,115.62226764678955,0.024306257917817264
2021-04-14,128.47825622558594,131.36836136344672,128.11821435701262,131.3099778007929,87222800,123.22282699584962,115.83666591644287,-0.017853131095440733
2021-04-15,130.88182067871094,131.36837019796266,130.04495491166549,130.22012045971883,89347100,123.2172102355957,116.05321811676025,0.018707947350287357
2021-04-16,130.5509796142578,131.04725481288563,129.69464764958488,130.68721289515452,84922400,123.22538131713867,116.26446117401123,-0.0025277847048389424
2021-04-19,131.21266174316406,131.82571884662076,129.75301328602865,129.91843832937323,94264200,123.17974227905273,116.47984767913819,0.00506838118611852
2021-04-20,129.52920532226562,131.88410306298763,128.26417368348118,131.38782793049364,94812300,123.10870498657226,116.68681690216064,-0.012829984534523331
2021-04-21,129.90872192382812,130.15199668398512,127.76790700410929,128.7993896114448,68847100,123.0423405456543,116.88389545440674,0.0029299693502964352
2021-04-22,128.39073181152344,130.54127308001176,127.87499033908138,129.46113219751052,84566500,122.96313095092773,117.07478813171387,-0.011685051548692482
2021-04-23,130.7066650390625,131.4851323617936,128.60476763173878,128.60476763173878,78657500,122.94230667114257,117.26675510406494,0.018038165176430532
2021-04-26,131.09588623046875,131.42673629598994,129.96708793224363,131.20292770440926,66905100,122.93432693481445,117.45868324279785,0.002977822066609459
2021-04-27,130.77479553222656,131.76736083305914,130.5023289552631,131.3781122600293,66015800,122.91525436401368,117.6481950378418,-0.0024492812663678976
2021-04-28,129.98660278320312,131.38786811328342,129.50005314627617,130.69696109558785,107760100,122.92284500122071,117.83590812683106,-0.006027099838433303
2021-04-29,129.8892822265625,133.38271977828063,128.88699119854815,132.79885429572334,151101000,122.97422546386719,118.01548557281494,-0.0007486968238021863
2021-04-30,127.9236068725586,129.96710595621136,127.54409883928643,128.23499084555246,109839500,123.00828353881836,118.1820032119751,-0.015133468445650777
2021-05-03,128.97457885742188,130.46343449499585,128.28368664714853,128.48802919169574,75135100,123.0602473449707,118.35959720611572,0.008215621889947844
2021-05-04,124.41070556640625,127.95279275381809,123.29164023246338,127.66086008438737,137564700,123.09625198364257,118.51531581878662,-0.035385835964317214
2021-05-05,124.65399932861328,126.94077328039651,124.52749169549318,125.72439941828402,84000900,123.13984710693359,118.66242340087891,0.001955569346700381
2021-05-06,126.24989318847656,126.25961883490083,123.71009630596178,124.44965376287253,78128300,123.22528579711914,118.82408237457275,0.01280258851267324
2021-05-07,126.92247009277344,127.94594783933177,126.2108903922729,127.54631080549646,78973300,123.40903015136719,118.98778499603272,0.005327346323317661
2021-05-10,123.64727783203125,126.26935540308767,123.60828686336556,126.14264776926625,88071200,123.52201583862305,119.15654575347901,-0.02580466845900653
2021-05-11,122.73102569580078,123.08192956770212,119.67029762868589,120.38186984814409,126142800,123.48958999633788,119.32183868408202,-0.007410208718667932
2021-05-12,119.6702880859375,121.4930768252382,119.16342036759427,120.28438654552215,112172300,123.44791259765626,119.46120166778564,-0.024938580872367
2021-05-13,121.81474304199219,122.96495055227784,121.12267010296466,121.43459040557941,105861300,123.50867813110352,119.61882694244385,0.0179196941058144
2021-05-14,124.23210906982422,124.66100222479204,122.6725077382582,123.06240993034115,81918000,123.65535278320313,119.77988555908203,0.019844609670922386
2021-05-17,123.08191680908203,123.72525662054227,122.0096912267483,123.61803331863223,74244600,123.7539176940918,119.92962596893311,-0.009258413701209278
2021-05-18,121.69776916503906,123.78373756646234,121.62953683178752,123.36459396598383,63342900,123.92327667236329,120.0236952972412,-0.011245743322229718
2021-05-19,121.54181671142578,121.76600548369002,119.75801895076617,120.050447495282,92612000,123.99746185302735,120.10402271270752,-0.0012814733966223235
2021-05-20,124.09565734863281,124.49530918227134,121.94145662294912,122.06817912472063,76857100,124.14432647705078,120.19359741210937,0.0210120327826806
2021-05-21,122.26313781738281,124.76825004025154,122.04869119774337,124.59279439116175,79295400,124.21600662231445,120.27208511352539,-0.01476699161278261
2021-05-24,123.89096069335938,124.70975612799803,122.76025239580743,122.82848472896345,63092900,124.33834228515624,120.34012195587158,0.013314093724700049
2021-05-25,123.69601440429688,125.08016771850949,123.13065653206684,124.59278434432386,72009500,124.3991716003418,120.41972099304199,-0.001573531175894316
2021-05-26,123.64727783203125,124.17364475386753,123.22813421483384,123.75450113667013,56575900,124.4282763671875,120.4912438583374,-0.00039400276961498726
2021-05-27,122.11692810058594,124.41734339161216,121.92198067731965,123.24764397847942,94625600,124.44253845214844,120.57137416839599,-0.012376736134249722
2021-05-28,121.46385192871094,122.6238092325372,121.40536918625511,122.39961299184344,71311100,124.52606292724609,120.63060977935791,-0.005347957748634724
2021-06-01,121.14217376708984,122.18515807859856,120.81076166659518,121.92197831860382,67637100,124.61366333007813,120.67853736877441,-0.002648344808049541
2021-06-02,121.90245819091797,122.07791381305455,120.91796422365286,121.14215297391479,59278900,124.65029861450195,120.73076347351075,0.006275968147062105
2021-06-03,120.42082977294922,121.69775216114203,120.02117799348292,121.53204615165062,76229200,124.67384399414063,120.77703632354736,-0.012154212802241382
2021-06-04,122.71151733398438,122.97470451422886,120.72302254551224,120.93746915555829,75169300,124.79088500976563,120.8301309967041,0.01902235323701218
2021-06-07,122.72126770019531,123.1306617200527,121.67828344764422,122.98444744531308,71057600,124.89839019775391,120.88257129669189,7.945762893957209e-05
2021-06-08,123.54006958007812,125.21665168991701,123.02345219665295,123.40360489150423,74403800,125.01020492553711,120.92665344238281,0.006672045483453903
2021-06-09,123.92021179199219,124.52456067367201,123.32561251203367,123.99819373222839,56877900,125.12611923217773,120.9430764389038,0.0030770762328868884
2021-06-10,122.92597961425781,124.95346562999302,122.76027355328648,123.81300009816206,71186400,125.25114715576171,120.94731407165527,-0.008023163964594016
2021-06-11,124.13465881347656,124.22239035571975,122.91621888119515,123.33536251537065,53522400,125.35655899047852,120.96260246276856,0.00983257732020193
2021-06-14,127.18563079833984,127.24411353581664,123.86173050218788,124.59279446771667,96906500,125.5064483642578,120.98491317749023,0.02457792218567767
2021-06-15,126.36683654785156,127.30260492232891,126.12314857125716,126.65926509447159,62746300,125.58352172851562,121.01046531677247,-0.006437788965221403
2021-06-16,126.86395263671875,127.58527439037435,125.2166344350542,127.07839924257492,91815000,125.66450424194336,121.03948516845703,0.003933912586938426
2021-06-17,128.46255493164062,129.20337594415264,126.37658632134162,126.52280804022224,96721700,125.74456787109375,121.05597103118896,0.012600918241129966
2021-06-18,127.1661148071289,128.18959220522225,126.95166824074936,127.40980273496652,108953300,125.75082626342774,121.04104621887207,-0.01009196901931153
2021-06-21,128.95970153808594,129.06692486047993,125.94772121838587,127.01019740258512,79663300,125.74157669067382,121.04857223510743,0.014104281896772042
2021-06-22,130.5972442626953,130.6947253937975,128.29682937988724,128.79396232556323,74783600,125.79933059692382,121.11530643463135,0.012698096421429383
2021-06-23,130.3243408203125,130.92869718078555,129.86620618552573,130.3925806003398,60214200,125.78954360961914,121.18028812408447,-0.002089656974950116
2021-06-24,130.04165649414062,131.240597184488,129.5737648661965,131.05539194095186,68711000,125.82081161499023,121.28333427429199,-0.0021690831075188433
2021-06-25,129.7492218017578,130.50952706925113,129.45679326652197,130.09039090512184,70783700,125.79815963745118,121.36309379577636,-0.0022487770478069047
2021-06-28,131.37709045410156,131.83522514355917,129.98320205214029,130.04168479997963,62111300,125.81468185424805,121.46956775665284,0.012546269100796259
2021-06-29,132.88790893554688,133.043872786454,130.95790461954863,131.39653993588485,64556100,125.8481867980957,121.59082210540771,0.011499862542420525
2021-06-30,133.5019989013672,133.94063419010044,132.43950824826416,132.73193673192986,63261400,125.92764266967774,121.69885120391845,0.004621112415262418
2021-07-01,133.80421447753906,133.86269721920397,132.33232940247316,133.15113240638843,52485800,126.00555252075195,121.80751842498779,0.0022637531921536613
2021-07-02,136.42628479003906,136.46526832234767,134.27207651002422,134.41828334809892,78852600,126.16626358032227,121.9458341217041,0.01959632080901419
2021-07-06,138.4342803955078,139.53574001915328,136.53351700878477,136.53351700878477,108181800,126.32081588745118,122.10287105560303,0.014718539089143112
2021-07-07,140.91990661621094,141.2318195282519,139.0581266890823,139.91589835234652,104911600,126.51729629516602,122.2893106842041,0.017955279672070112
2021-07-08,139.62347412109375,140.42276298269945,137.11835448019005,138.0053823208354,105575500,126.69426986694336,122.45355457305908,-0.009199782530710632
2021-07-09,141.4462127685547,141.97257211610253,139.0483171610971,139.14579827567587,99890800,126.92346206665039,122.61852188110352,0.013054671923433903
2021-07-12,140.8516845703125,142.6257406086967,140.36430849913495,142.51851727809614,76299700,127.1427101135254,122.80326240539551,-0.004203210440246963
2021-07-13,141.96287536621094,143.7369310790402,140.00362927408963,140.39352411006757,100827100,127.42349548339844,122.98822399139404,0.00788908417594203
2021-07-14,145.38424682617188,145.79365573228569,143.95136027537654,144.36076918149035,127050800,127.75168884277343,123.17060199737548,0.02410046606294136
2021-07-15,144.7311553955078,146.21278242197315,143.37625087333885,145.47197634550716,106820300,128.15809783935546,123.33671691894531,-0.0044921746676235275
2021-07-16,142.6939239501953,145.97883295333372,142.19680585690423,144.71166743629377,93251400,128.51889633178712,123.49686511993409,-0.014075970303320973
2021-07-19,138.8533935546875,140.43250161447835,138.09308832622733,140.1205738932986,121434600,128.77096633911134,123.62946884155274,-0.02691446341365089
2021-07-20,142.4600067138672,143.38603306380864,139.35056015600642,139.83793618290784,96350000,129.0817170715332,123.77535278320312,0.025974252892560612
2021-07-21,141.72894287109375,142.4405225803077,140.97839449756518,141.8556653977963,74993500,129.44335037231446,123.93586532592774,-0.005131712819877898
2021-07-22,143.09359741210938,144.4582442706814,142.12858757198936,142.2553100922622,77338200,129.8506018066406,124.0863236618042,0.009628622872441817
2021-07-23,144.80914306640625,144.9651069434816,143.2105505102186,143.82464898024415,71447400,130.35337890625,124.26155838012696,0.01198897564477397
2021-07-26,145.22830200195312,146.04709009069717,143.97086362595675,144.52647939059113,72434100,130.82165008544922,124.42957702636718,0.002894561259537687
2021-07-27,143.0643310546875,145.44272791296905,141.87513262554674,145.35498894389306,104818600,131.19829452514648,124.58730941772461,-0.01490047681777984
2021-07-28,141.31956481933594,143.25932698356266,138.94116715524945,141.15385873599058,118931200,131.56304748535158,124.72661811828613,-0.012195676046495518
2021-07-29,141.96287536621094,142.84990322262558,140.92964066468824,141.03686397561236,56699500,131.968349609375,124.83310894012452,0.004552169034042874
2021-07-30,142.17730712890625,142.63544169374407,140.47149137109437,140.73467853831747,70440600,132.3810594177246,124.9566764831543,0.0015104777368177835
2021-08-02,141.8459014892578,143.2397895751834,141.582714310116,142.6646895204393,62880000,132.73606430053712,125.07815052032471,-0.0023309320336751815
2021-08-03,143.63943481445312,144.30225894055675,141.51446802349406,142.12856645538005,64786600,133.16359024047853,125.21092018127442,0.012644237911457301
2021-08-04,143.2397918701172,144.058579914417,142.58670986762564,143.5517196242508,56368300,133.55056686401366,125.34988784790039,-0.0027822648066819777
2021-08-05,143.3470458984375,144.10735137016883,142.47951709743447,143.26906394319104,46397700,133.94358749389647,125.5041353225708,0.0007487725786250454
2021-08-06,142.6636505126953,143.6105775396916,142.16578765248929,142.86866162914254,54126800,134.32391494750976,125.64754558563233,-0.004767418689788583
2021-08-09,142.6148681640625,143.21035833317768,142.05843483321482,142.72225212556916,48908700,134.7338737487793,125.79381580352783,-0.0003419395792656488
2021-08-10,142.1365509033203,144.19635994581478,141.84368416396723,142.95656585685202,69023100,135.14732772827148,125.94312633514404,-0.003353908795764138
2021-08-11,142.3903350830078,143.2298783064216,142.06818321748432,142.57581781429272,48493500,135.57229095458985,126.0971491241455,0.001785495553920713
2021-08-12,145.34823608398438,145.5044336133679,142.37078584930737,142.71246608285676,72282600,136.04120651245117,126.26591297149658,0.02077318660183103
2021-08-13,145.55325317382812,145.88516176552068,144.74299521470792,145.42634081402107,59375000,136.54385498046875,126.42818470001221,0.0014105234116861265
2021-08-16,147.52517700195312,147.59351900321374,142.9857964116818,145.0065478391044,103296000,137.04012817382812,126.62650527954102,0.013547782582159273
2021-08-17,146.6173553466797,148.07190241442922,145.54351565601462,146.65639729187643,92229700,137.5180499267578,126.80030525207519,-0.006153672706736835
2021-08-18,142.8784637451172,147.13475089008148,142.67345256358962,146.23663716721276,86326000,137.9048178100586,126.98674087524414,-0.025501016525102504
2021-08-19,143.21031188964844,144.47939059702847,141.06264825182848,141.58003947243648,86960300,138.29061981201173,127.17527225494385,0.0023225903738945952
2021-08-20,144.66493225097656,144.96755574158394,143.288469055807,143.9327728785443,60549600,138.7253988647461,127.36297748565674,0.010157231990731264
2021-08-23,146.1487579345703,146.61733569322215,144.37204430196212,144.7820517027598,60131800,139.16568084716798,127.53622890472413,0.010256982535473691
2021-08-24,146.0609130859375,147.2714219782902,145.602092007955,145.89495874434272,48606400,139.54318649291992,127.68925365447998,-0.0006010646267150532
2021-08-25,144.8308868408203,146.7442698916124,144.28421022511418,146.24639198416384,58991300,139.9124674987793,127.8367840576172,-0.008421323810248071
2021-08-26,144.03036499023438,145.57278230599707,144.00107981111,144.82110951404735,48597200,140.2557957458496,127.99182594299316,-0.005527286810483756
2021-08-27,145.06515502929688,145.21158091727293,143.33725507209095,143.97178711441077,55802400,140.58784774780273,128.15374214172363,0.007184526951192982
2021-08-30,149.4776611328125,149.8388699060594,145.07494788763688,145.45567018692415,90956700,141.03407867431642,128.32061992645265,0.0304174086645721
2021-08-31,148.21832275390625,149.16524992421503,147.6911597437249,149.0285807911714,86453100,141.4192510986328,128.48256134033204,-0.008424926971444369
2021-09-01,148.88214111328125,151.29338682527435,148.71618680019012,149.19453621732464,80313700,141.78494903564453,128.64757884979247,0.004478652483992596
2021-09-02,149.9949951171875,151.03954929712242,148.77472989529102,150.20976298790652,71115500,142.17836212158204,128.81310802459717,0.007474731324957906
2021-09-03,150.6295623779297,150.9517142276546,149.44833892893834,150.10239938899159,57808700,142.5901202392578,128.98623107910157,0.00423058956231448
2021-09-07,152.9627227783203,153.51915609845358,150.71743128739138,151.28363626481305,82278300,143.05439025878906,129.17762714385987,0.015489392411143887
2021-09-08,151.4202880859375,153.30437064554417,150.31716343749,153.24580029178898,74420200,143.45525421142577,129.35834743499757,-0.010083729318928092
2021-09-09,150.405029296875,152.39649574316758,150.2878736971047,151.7912489116524,57305700,143.80559661865234,129.54030731201172,-0.006704905940254857
2021-09-10,145.4263458251953,151.78148246152148,145.16276433644302,151.3129047338198,140893200,144.0440835571289,129.71432903289795,-0.033101841706719703
2021-09-13,145.99256896972656,147.818081410703,145.21159606216116,147.04688016056696,102404300,144.28785064697266,129.8847689437866,0.0038935389685983424
2021-09-14,144.5965576171875,147.4763957492906,143.4153491043727,146.7735217186003,109296300,144.45125610351562,130.04405075073242,-0.009562208284919937
2021-09-15,145.48495483398438,145.88520555365383,142.88822588135704,145.02613374476746,83281300,144.59226959228516,130.20505390167236,0.006143972107198081
2021-09-16,145.2506561279297,145.4263821295721,143.71801019803328,144.9089906791146,68034100,144.67888458251954,130.3529343032837,-0.0016104669126923987
2021-09-17,142.58555603027344,145.27991132028194,142.29268938190515,145.27991132028194,129868800,144.73812622070312,130.46965950012208,-0.01834828267700872
2021-09-20,139.539794921875,141.3945924183066,137.90952209387459,140.37933813407227,123478900,144.69999786376954,130.56940673828126,-0.021360937202866248
2021-09-21,140.0181121826172,141.1602935933769,139.38358019514303,140.50621829477157,75834000,144.68332641601563,130.67222576141359,0.0034278197198869265
2021-09-22,142.38058471679688,142.94677480134484,140.28171911608493,141.01387841720836,76404300,144.69168060302735,130.79020942687987,0.016872620958483298
2021-09-23,143.33729553222656,143.58134867828787,142.17560017364323,143.16156952123504,64838200,144.65074157714844,130.90568927764892,0.006719390971266392
2021-09-24,143.42510986328125,143.96202960944674,142.09746053449825,142.1950877231893,53477900,144.62462066650392,131.0185474395752,0.000612641188245
2021-09-27,141.91200256347656,142.48797924389808,140.39888514559524,142.00962976919416,74150700,144.60898223876953,131.1364715576172,-0.01054980750056278
2021-09-28,138.5343017578125,141.30674132874793,138.31953384357482,139.8424227657557,108972300,144.60260040283202,131.23041416168212,-0.023801375110278133
2021-09-29,139.43240356445312,141.0138627120859,138.6514307510702,139.08096654322168,74602000,144.54204833984375,131.33287952423095,0.006482883987899868
2021-09-30,138.13404846191406,140.9455448156453,137.9192805517919,140.2426707272125,89056700,144.47015045166015,131.43191387176515,-0.009311717142843956
2021-10-01,139.25669860839844,139.52028013802934,135.80091312494108,138.52453927839463,94639600,144.39341247558593,131.5069261932373,0.008127251455993578
2021-10-04,135.83018493652344,138.82716398233575,134.98088496397907,138.38785651091933,98322000,144.21383331298827,131.56514598846437,-0.024605736787647436
2021-10-05,137.7533721923828,138.85649729002284,136.04499999839257,136.17191241375247,80861100,144.06433471679688,131.62865795135497,0.014158761962653088
2021-10-06,138.62213134765625,138.76855721821823,135.0784763218966,136.15231569207103,83221100,143.97549072265625,131.7064245223999,0.006306627136939635
2021-10-07,139.88143920898438,140.78932429837576,139.32500600229986,139.65691457441454,61732700,143.9467282104492,131.7828602218628,0.009084464717757479
2021-10-08,139.50070190429688,140.75025218963773,139.16879336821262,140.60382633425183,58773200,143.89748474121095,131.83965961456298,-0.002721857215943202
2021-10-11,139.41290283203125,141.3653278052875,138.43669034540312,138.88575464341304,64452200,143.84219665527343,131.9004895401001,-0.0006293808638028198
2021-10-12,138.14382934570312,139.8424445053315,137.68500826630617,139.82291608395988,73035900,143.76815521240235,131.95006732940675,-0.009102984447982854
2021-10-13,137.55809020996094,138.03642474342516,135.88876048394778,137.88024208325538,78762700,143.6465283203125,131.97378559112548,-0.004240067316191087
2021-10-14,140.34030151367188,140.45745714105692,138.14382342191217,138.72955687137625,69907100,143.5885385131836,132.02025699615479,0.020225719181360624
2021-10-15,141.3946075439453,141.45317790755652,140.09624319922384,140.35006796929892,67940300,143.54948974609374,132.07758678436278,0.007512496545197589
2021-10-18,143.06393432617188,143.347029376178,139.75457479053856,140.03766984054468,85589200,143.55749542236327,132.14826732635498,0.011806155915159211
2021-10-19,145.22134399414062,145.62159463310732,143.06392303976392,143.51297237963328,76378900,143.60962493896486,132.24566993713378,0.015080038712272925
2021-10-20,145.70947265625,146.1878221446277,144.59659100003023,145.16279603857302,58418800,143.68108337402344,132.33773998260497,0.0033612735475652133
2021-10-21,145.92420959472656,146.0804071368253,144.35250720492448,145.27014914498275,61421000,143.75176086425782,132.45230838775635,0.0014737335504819704
2021-10-22,145.15301513671875,146.6075619891813,145.1042015405824,146.12922747617256,58883400,143.7478564453125,132.5420333480835,-0.00528489727749526
2021-10-25,145.10421752929688,145.8168484447923,144.1084766625064,145.14325947301697,50720600,143.7388757324219,132.62602436065674,-0.0003361804601572649
2021-10-26,145.76805114746094,147.25188335627817,145.46541277347194,145.77780790953028,60893400,143.70373321533202,132.72824951171876,0.004574874731191336
2021-10-27,145.30921936035156,146.16827612937263,144.9577823061733,145.80708231384622,56094900,143.67757049560547,132.8290548324585,-0.0031476841701424396
2021-10-28,148.94073486328125,149.5264533730465,146.15852353048365,146.25615073002083,100077900,143.79881591796874,132.93786403656006,0.0249916386511162
2021-10-29,146.23660278320312,146.37327190681347,142.92724374395107,143.7179733088264,124953200,143.85934173583985,133.0427719116211,-0.01815575895043331
2021-11-01,145.41659545898438,146.1389830509936,144.28418557941234,145.44588063726485,74588300,143.874375,133.15217884063722,-0.0056074013524125554
2021-11-02,146.45140075683594,147.96453308347574,145.113979527006,145.12375118515345,69122000,143.88042785644532,133.26340759277343,0.007116143068714775
2021-11-03,147.88641357421875,148.35499132920407,146.25614074482093,146.81257403590004,54511500,143.91693786621093,133.36140686035156,0.009798559863319234
2021-11-04,147.36904907226562,148.8040677773685,147.056653914814,147.97429607005193,60394600,143.96770111083984,133.4333053588867,-0.0034983910249029027
2021-11-05,147.8969268798828,148.79635114627666,146.7042085245969,148.49328605752575,65463900,144.04503234863282,133.4971551513672,0.0035820127152910164
2021-11-08,147.07569885253906,148.18043333239365,146.8019617116547,148.02400784687248,55020900,144.08524322509766,133.53819473266603,-0.00555270514857098
2021-11-09,147.4374542236328,148.0435844748696,146.70422637098488,146.8410949734435,56787900,144.04443908691405,133.57987701416016,0.002459654272705114
2021-11-10,144.61204528808594,146.77262935345158,144.54361846371455,146.6650887001066,65187100,143.97231353759764,133.61277656555177,-0.019163440866669434
2021-11-11,144.56317138671875,146.0882826457482,144.37741797894228,145.6288070022433,41000000,143.8859341430664,133.66957695007324,-0.0003379656325988023
2021-11-12,146.63577270507812,147.03659252052734,144.18189439318962,145.11064651980587,63804000,143.81874969482422,133.76166305541992,0.014336993983170121
2021-11-15,146.6455535888672,148.48351596746593,146.08829332480207,147.00727451410145,59222800,143.73906951904297,133.84320709228516,6.670189414648142e-05
2021-11-16,147.6231689453125,148.10221638704422,146.00028814358132,146.5868762388628,59256200,143.6322784423828,133.92550964355468,0.006666518912575636
2021-11-17,150.05751037597656,151.53373689410836,147.61341784542643,147.62318884522813,88807000,143.60502288818358,134.02508506774902,0.016490239628752734
2021-11-18,154.33956909179688,155.12168178008048,149.627365877677,150.2726099643279,137827700,143.68371368408202,134.1293098449707,0.028536117286575013
2021-11-19,156.9596710205078,157.41916174351337,153.02956490955935,154.1245139086052,117305600,143.9143801879883,134.2487028503418,0.01697621643061975
2021-11-22,157.41912841796875,161.99446283900974,157.39957149925132,158.0643575600625,117467900,144.14291137695312,134.369663772583,0.002927232163992599
2021-11-23,157.8004150390625,158.18169292863084,155.502961782972,157.51689191338718,96041900,144.40698852539063,134.49690979003907,0.0024221111177886723
2021-11-24,158.3185577392578,158.51408217991857,156.06998937776268,157.15516717862224,69463600,144.6636605834961,134.62976318359375,0.0032835319226951487
2021-11-26,153.3032989501953,156.8618980401627,152.86336515925657,156.00158738073347,76959800,144.8247134399414,134.73880531311036,-0.03167827486985042
2021-11-29,156.6565704345703,157.58532267329434,155.2389847402696,155.8060160344783,88748200,145.10613372802734,134.8634460449219,0.021873446346803105
2021-11-30,161.60340881347656,161.8184901598309,156.34371666317804,156.41215841772612,174048100,145.5474060058594,135.023427734375,0.03157759910856961
2021-12-01,161.08526611328125,166.49159798116264,160.85062784337472,163.7346542506034,152052500,145.96874908447265,135.1922527694702,-0.0032062609569910583
2021-12-02,160.0978546142578,160.52801734787488,154.27114554315142,155.1901268526862,136739200,146.32309448242188,135.3616385269165,-0.0061297443450170075
2021-12-03,158.22079467773438,161.271032766341,156.14820866843903,160.3520514474846,118023100,146.62076446533203,135.52086055755615,-0.011724454028731679
2021-12-06,161.62295532226562,164.12570364495514,160.60620449270007,160.61597549233863,107497000,146.9847213745117,135.7159229660034,0.02150261380914431
2021-12-07,167.3518829345703,167.74294665807957,164.57539762665544,165.29885432698077,120405400,147.4935189819336,135.94031116485596,0.03544624958058451
2021-12-08,171.1647186279297,172.02504411674911,166.882663021836,168.28069194116756,116998900,148.14612731933593,136.1862449645996,0.0227833450481707
2021-12-09,170.65634155273438,172.7973693361273,170.03065436230736,170.9985205283445,108923700,148.77060607910155,136.4508504104614,-0.002970104349018343
2021-12-10,175.4369659423828,175.61294836881706,170.78341894665584,171.29179439045112,115402700,149.51666442871092,136.73804527282715,0.02801316579361446
2021-12-13,171.80995178222656,178.05705234389498,171.60464142456377,177.06962931153166,153237000,150.1677294921875,136.975333442688,-0.020674172861308127
2021-12-14,170.4314727783203,173.76521877848376,168.35888695654498,171.33089709564845,139380400,150.85975524902344,137.2187200164795,-0.008023277985977795
2021-12-15,175.29034423828125,175.4858686850592,168.45665517933287,171.19404218690133,131063300,151.61049468994142,137.50128940582275,0.028509238233720202
2021-12-16,168.40774536132812,177.08916675225177,166.9315188519041,175.27076132354634,150185800,152.20620697021485,137.75883625030517,-0.039263993158671906
2021-12-17,167.3128204345703,169.59071677301714,165.89524955752734,166.12987292514003,195432700,152.75483459472656,138.00463199615479,-0.006501630458911389
2021-12-20,165.95391845703125,166.76535914150864,163.71513578207376,164.51679054709132,107499100,153.28389892578124,138.26825248718262,-0.00812192379525678
2021-12-21,169.12144470214844,169.3267401361631,165.3379790393109,167.72341591348743,91185900,153.8780697631836,138.52469692230224,0.01908678188841506
2021-12-22,171.71218872070312,171.92727008747283,168.30022969109157,169.1703261593658,92135300,154.5494369506836,138.79949573516845,0.015318838028597792
2021-12-23,172.337890625,172.8951510094844,171.35048238778492,171.91751377429944,68356600,155.24503295898438,139.06778953552245,0.0036438991836194035
2021-12-27,176.2972869873047,176.38527073958,173.11019564746687,173.12973764737882,74919600,155.96417266845702,139.36040508270264,0.02297461311581306
2021-12-28,175.28054809570312,177.2749361221624,174.5375492742612,176.1311025117923,79144300,156.6418914794922,139.63353507995606,-0.005767183993448444
2021-12-29,175.36856079101562,176.5906072567406,174.15628532669507,175.31967594887476,62348900,157.28798400878907,139.8994176864624,0.0005021247153131903
2021-12-30,174.2149200439453,176.53193000592643,174.10737937130014,175.45652327947462,59773000,157.86785552978515,140.16347316741943,-0.006578378369912596
2021-12-31,173.59898376464844,175.22184960905506,173.29590380839542,174.10734418937602,64062300,158.4256457519531,140.44502994537353,-0.0035354967252030356
2022-01-03,177.9397430419922,178.79029755777358,173.73591497728762,173.8532266687499,104487900,159.06595642089843,140.75091789245604,0.025004520091134852
2022-01-04,175.68136596679688,178.84891521802436,175.11433471652768,178.54585013474667,99310400,159.6765234375,141.0289712524414,-0.012691808117663461
2022-01-05,171.00830078125,176.1408961877194,170.73456355297643,175.59342173117227,94537600,160.19460510253907,141.28779495239257,-0.026599663315630573
2022-01-06,168.153564453125,171.37976954533002,167.80161453547433,168.83790737145776,96904000,160.64231536865233,141.54426544189454,-0.01669355414376472
2022-01-07,168.31979370117188,170.24574016447164,167.20528789803654,169.02369367342152,86709100,161.10252685546874,141.7991343688965,0.0009885561961620049
2022-01-10,168.33934020996094,168.64240533418686,164.40923476090865,165.29888813158135,106765600,161.49049896240234,142.0510844039917,0.00011612721450782182
2022-01-11,171.1647186279297,171.26247339503044,166.99998962694013,168.46644539148625,76138300,161.98906127929686,142.31628551483155,0.01678382732428907
2022-01-12,171.6046905517578,173.21778628461033,170.91057635594865,172.18149303392323,74805200,162.51282318115236,142.59093605041505,0.0025704591889903483
2022-01-13,168.33934020996094,172.6702655459411,167.94827640647682,171.84905393496265,84505800,162.95058197021484,142.83831241607666,-0.019028328021208796
2022-01-14,169.19967651367188,169.8937905683483,167.2639441267619,167.508353425533,80440800,163.3768472290039,143.08585498809813,0.005110726361633011
2022-01-18,166.00279235839844,168.68150862321704,165.62151446360372,167.6745435442064,90956700,163.74952209472656,143.30330310821535,-0.018894150515796793
2022-01-19,162.51260375976562,167.25414945182573,162.22909557704548,166.19829964047344,94815000,164.04183563232422,143.5017919921875,-0.02102487885322757
2022-01-20,160.8310546875,165.8854360990158,160.50843269303434,163.24581922868165,91420500,164.31694274902344,143.6836503982544,-0.010347191746132967
2022-01-21,158.77804565429688,162.61038131219433,158.67050497614542,160.74309086318223,122848900,164.54375457763672,143.84327465057373,-0.012765003855705559
2022-01-24,158.00572204589844,158.67052310978175,151.24047430258736,156.44151145113545,162294600,164.81162811279296,143.9861923599243,-0.004864171272645601
2022-01-25,156.2068634033203,159.1202179477596,153.50859022634555,155.42475069595457,115798400,165.044501953125,144.12867893218993,-0.011384768977262594
2022-01-26,156.11888122558594,160.71377291639465,154.29070450112417,159.84367643647036,108275300,165.23416412353515,144.25520488739014,-0.0005632414339388214
2022-01-27,155.6593780517578,160.1760566161972,154.74039680395836,158.8171416631375,121954600,165.41444061279296,144.391110496521,-0.0029432902043677878
2022-01-28,166.52090454101562,166.5404614570555,159.15929945417386,162.00422657695262,179935700,165.79239532470703,144.56930591583253,0.06977752722130415
2022-01-31,170.87139892578125,171.0864802658057,165.71924760028926,166.3547206203823,115541600,166.20867309570312,144.77090801239012,0.026125815234771643
2022-02-01,170.70518493652344,170.93003725349797,168.4566170141108,170.11859681152686,86213900,166.53598541259765,144.96837062835692,-0.0009727431875828918
2022-02-02,171.90771484375,171.94682868403083,169.45385093947993,170.84209391826516,84914300,166.8349462890625,145.18026317596434,0.007044483784565347
2022-02-03,169.033447265625,172.29876649074853,168.27089152715305,170.57811566132818,89418100,167.06723266601563,145.37588680267334,-0.01671982889620438
2022-02-04,168.74960327148438,170.42349941150601,167.07570713146276,168.05458991972742,82465400,167.28621643066407,145.57768115997314,-0.0016792179224421888
2022-02-07,168.03500366210938,170.2766384169295,167.33999039041194,169.20965988540354,77251200,167.4805453491211,145.76432285308837,-0.004234674307502573
2022-02-08,171.1381072998047,171.64713061413704,167.8098963203311,168.1035641915447,74829200,167.8372415161133,145.96453395843506,0.018467007290547288
2022-02-09,172.55743408203125,172.91961588647231,171.20657123174874,172.3322952525055,71285000,168.1552587890625,146.1734471511841,0.0082934584507246
2022-02-10,168.48526000976562,171.77430598076174,167.92730472233933,170.46260694632986,90865900,168.2928958129883,146.3659404373169,-0.02359894891766745
2022-02-11,165.07876586914062,169.42500712943504,164.49143031742815,168.6908451580762,98670700,168.37276580810547,146.54188785552978,-0.02021835109152903
2022-02-14,165.31370544433594,165.99892030677,163.04269054419584,163.83558309476697,86185500,168.47708282470703,146.72883834838868,0.0014231968233973102
2022-02-15,169.14109802246094,169.29772280484622,166.6547430824804,167.35953966665278,62527400,168.69548889160157,146.92967094421385,0.023152300457107255
2022-02-16,168.9062042236328,169.67951494494773,166.45899759893967,168.2209893560315,61177400,168.8411538696289,147.1521484375,-0.0013887446727874897
2022-02-17,165.31370544433594,168.27971865617212,164.91235997613748,167.4182971510757,69589300,168.80039031982423,147.3554469680786,-0.021269193726835445
2022-02-18,163.76708984375,166.93866044821442,162.68052937533312,166.23387859788448,82772700,168.65243774414063,147.54303295135497,-0.00935564051648885
2022-02-22,160.8500213623047,163.16996871038384,158.7258326412145,161.49607262837773,91162800,168.45631134033204,147.71267070770264,-0.017812299676500887
2022-02-23,156.6897430419922,162.64133603328534,156.37649344425944,162.04421705709984,90009200,168.08136688232423,147.87788303375245,-0.02586433178607872
2022-02-24,159.30335998535156,159.4110376690062,148.79015546543386,149.35790916683425,141147500,167.83123504638672,148.0607447052002,0.01668020441299034
2022-02-25,161.3688507080078,161.63313833449817,157.47288604382865,160.38016942776312,91974200,167.64998260498047,148.26923751831055,0.01296576998028276
2022-02-28,161.6331329345703,161.92680077964948,158.99993565341998,159.61663663442954,95056600,167.37683837890626,148.46832946777343,0.001637752424975103
2022-03-01,159.75363159179688,163.08184127413253,158.54961021930214,161.22195543903135,83474400,167.20375610351562,148.6459370803833,-0.011628193481433402
2022-03-02,163.04270935058594,163.82581854222389,159.5089420061074,160.9185355637426,79724800,167.11835388183593,148.8457410430908,0.020588438121978525
2022-03-03,162.7196502685547,165.3430634011942,162.05401727070716,164.91235266773373,76678400,167.05366851806642,149.0508504486084,-0.0019814383808881564
2022-03-04,159.72425842285156,162.05400359179123,158.67686189722227,161.01639051416453,83737200,166.86572479248048,149.24176265716554,-0.0184082982034407
2022-03-07,155.93601989746094,161.5352302369313,155.68150083148916,159.91028134097652,96418800,166.55020141601562,149.40096446990967,-0.023717364931266083
2022-03-08,154.11529541015625,159.44041971330986,152.50992837199067,155.4661583222758,131148300,166.18574951171874,149.56022525787353,-0.011676099521470085
2022-03-09,159.50892639160156,159.95921898709753,156.04368834876885,158.06996768709067,91454900,165.84998229980468,149.73831508636474,0.03499737626360133
2022-03-10,155.17250061035156,157.00300660733848,152.6861300144377,156.81701649151432,105342000,165.44782135009766,149.895697517395,-0.027186100987250605
2022-03-11,151.46250915527344,155.91642822664025,151.23737032666907,155.57381332247203,96970100,164.9697003173828,150.03477367401123,-0.023908820444894174
2022-03-14,147.43931579589844,150.86540543880508,146.93030751756515,148.25179027503273,108732100,164.4341882324219,150.1613856124878,-0.026562304967829187
2022-03-15,151.81494140625,152.28481594029148,147.20441143229365,147.7134197726543,92964300,163.9985073852539,150.31314105987548,0.029677468229768467
2022-03-16,156.21987915039062,156.6212246232631,151.19822129277074,153.73352378158447,102300200,163.56411010742187,150.488529586792,0.029015179292222637
2022-03-17,157.2281036376953,157.6000837703935,154.30125449850178,155.26055517399735,75615400,163.19504486083986,150.6651578140259,0.006453880855547656
2022-03-18,160.5171661376953,161.0066074424884,156.3862803303168,157.1204422875064,123511700,162.98522216796874,150.86563949584962,0.020919049609471108
2022-03-21,161.88760375976562,162.83712104497158,159.56764191840216,160.05708320205216,95811400,162.85990295410156,151.0615199279785,0.008537639026686472
2022-03-22,165.25497436523438,165.84229498697943,161.42753966012307,162.01486028186812,81532000,162.79860656738282,151.2741884613037,0.02080066989233953
2022-03-23,166.6156005859375,168.9942779440516,164.1096487837443,164.44248019289995,98062700,162.76413177490235,151.489566116333,0.008233496304298704
2022-03-24,170.3941192626953,170.46263328488442,166.61563143205333,167.4476727675763,90131400,162.74871978759765,151.72193565368653,0.022678060538568356
2022-03-25,171.0303955078125,171.57856745870845,169.10199529276142,170.20813758146855,80546200,162.73723388671874,151.9624577331543,0.0037341443934237883
2022-03-28,171.89181518554688,172.01905978493204,168.3678313455488,168.53423961902578,90371900,162.80828338623047,152.20124351501465,0.005036646703509673
2022-03-29,175.18084716796875,175.22977935165113,172.6161644453855,172.95877935054617,100589400,162.92790679931642,152.4412195968628,0.01913431409675659
2022-03-30,174.0159912109375,175.81713189197046,172.9685794955082,174.77951856347462,92633200,163.08817077636718,152.67946537017824,-0.006649448132388325
2022-03-31,170.9226837158203,174.2704602652505,170.71711180695456,174.08447018974397,103049300,163.25637237548827,152.89975902557373,-0.01777599560587262
2022-04-01,170.6290283203125,171.18699858724577,168.30908127405286,170.35494237968112,78751300,163.45233184814452,153.11059139251708,-0.0017180598216913756
2022-04-04,174.67184448242188,174.720791608407,170.75631338866327,170.88357292891146,76468400,163.77020782470703,153.34812004089355,0.023693601270001974
2022-04-05,171.3632049560547,174.53479031608524,170.73672061862993,173.7516811601631,73401800,164.03735748291015,153.5601375579834,-0.01894203119095217
2022-04-06,168.20140075683594,169.963392443072,166.5373033062765,168.72020734548278,89058800,164.27724822998047,153.7481583404541,-0.018450893235975485
2022-04-07,168.5048828125,169.69912101079552,166.2632477962957,167.5455818608837,77594700,164.52496826171875,153.93906105041503,0.0018042778139690796
2022-04-08,166.49815368652344,168.15246782773184,165.62694868711696,168.15246782773184,76575500,164.74174377441406,154.12134353637694,-0.01190902656636661
2022-04-11,162.2498016357422,165.4605355802755,162.00508096962494,165.14730089465874,72246700,164.65632171630858,154.28384643554688,-0.02551591087778604
2022-04-12,164.11947631835938,166.28279871101802,163.12101178667447,164.47187468621496,79265200,164.52128326416016,154.44755836486817,0.011523432779379839
2022-04-13,166.80160522460938,167.42808955183875,163.24827119923606,163.85517369033073,70618900,164.44321166992188,154.61712684631348,0.016342538779780202
2022-04-14,161.79953002929688,167.65325987659003,161.55480933143042,167.01697710019764,75329400,164.24104797363282,154.75861450195313,-0.02998817180792046
2022-04-18,161.5841827392578,163.08187215208477,160.1158586140106,160.45845861462905,69023900,164.09206268310547,154.89751434326172,-0.001330951270378078
2022-04-19,163.86495971679688,164.27610359926777,160.44866861751814,161.53522902332887,67723800,163.9943698120117,155.03470771789551,0.014115100493588884
2022-04-20,163.6985626220703,165.3137281661249,162.59243524088046,165.1962520760154,67929800,163.90764099121094,155.16102912902832,-0.001015452571520692
2022-04-21,162.90567016601562,167.90776176039836,162.40644532626558,165.3430936610523,87227800,163.74299224853516,155.27095794677734,-0.00484361281708523
2022-04-22,158.3734130859375,164.32502122927878,158.08954369720692,162.94480808191494,84882400,163.4593118286133,155.36470764160157,-0.02782135867621638
2022-04-25,159.4404296875,159.72429911751857,155.11376965466397,157.71758646013552,96046400,163.27841522216798,155.45467872619628,0.006737346760238738
2022-04-26,153.48883056640625,158.9118348666905,153.4105181477024,158.82373899686115,95623200,163.0466165161133,155.51786445617677,-0.03732804240905996
2022-04-27,153.263671875,156.41566043489684,152.09879906936447,152.61760570667977,88063200,162.80561584472656,155.5743684387207,-0.0014669386076847646
2022-04-28,160.18435668945312,161.04577820352466,155.57381282317428,155.88706244158715,130216800,162.6264810180664,155.6483689880371,0.04515541569497006
2022-04-29,154.32083129882812,162.69028026576657,153.9292842451666,158.42235165998022,131747600,162.33477355957032,155.69631736755372,-0.036604856502888916
2022-05-02,154.6243133544922,154.88860092145774,150.0333512355366,153.4007100151784,123055300,162.12098571777344,155.7559693145752,0.001966565713195312
2022-05-03,156.11219787597656,157.31623426694395,153.0189401124905,154.81028218380573,88966500,161.96788787841797,155.84226333618165,0.00962257803579214
2022-05-04,162.5141143798828,162.96439206944154,155.89685759161674,156.29820309411934,108256500,162.00116973876953,155.94253387451172,0.04100843233910689
2022-05-05,153.45944213867188,160.61507214954577,151.67786848905013,160.38993331507154,130525300,161.93656372070313,156.0011863708496,-0.05571622056189718
2022-05-06,154.1848907470703,156.302387766656,151.14588956385867,152.93987884779835,116124600,161.8341943359375,156.0566428375244,0.004727298615766484
2022-05-09,149.06761169433594,152.76342612282588,148.5088364921623,151.88112823098254,131577900,161.58816955566405,156.07793518066407,-0.03318923811496499
2022-05-10,151.46937561035156,153.65550196924158,149.92046680625165,152.45950928453797,115366700,161.38489440917968,156.10914054870605,0.01611190981539612
2022-05-11,143.61703491210938,152.39090538432077,142.94061098912724,150.47928231405317,142689800,161.06216247558595,156.11190406799315,-0.05184111089519505
2022-05-12,139.7545623779297,143.32293029647687,136.0685607235715,139.96043637411066,182602000,160.59639953613282,156.10407905578614,-0.02689425064751849
2022-05-13,144.21498107910156,145.18550397266762,140.29369821646105,141.74456868725608,113990900,160.22630615234374,156.11533958435058,0.03191608649676736
2022-05-16,142.67588806152344,144.61693408926746,141.34265112461745,142.68570084334092,86643800,159.8853387451172,156.11783248901367,-0.010672213150546006
2022-05-17,146.30307006835938,146.82263885480765,143.79343645262884,145.93054340694096,78336300,159.69267974853517,156.14011833190918,0.025422529735871446
2022-05-18,138.0487823486328,144.46007380411618,137.14687404841018,143.96011558077154,109742900,159.37134948730468,156.11216506958007,-0.05641910122507876
2022-05-19,134.64707946777344,138.87226008655338,133.91183880440775,137.12729010884627,136095600,158.87411254882812,156.06920150756835,-0.024641310288913698
2022-05-20,134.88233947753906,137.93113785871375,130.00034593006458,136.3528207232791,137426100,158.46830932617186,156.02687797546386,0.0017472344049016542
2022-05-23,140.29373168945312,140.44077384848245,134.94117272312687,135.07841705772444,117726300,158.24493377685548,156.01502838134766,0.0401193531553119
2022-05-24,137.59779357910156,139.17611026962632,134.62742349670165,138.03893483676902,104132700,158.04810333251953,155.98994300842284,-0.01921638321175423
2022-05-25,137.75469970703125,138.99969650386015,135.61759232548434,135.7058176181396,92482700,157.76689849853517,155.9680337524414,0.0011403244474228469
2022-05-26,140.95050048828125,141.49947765357643,134.4411720339845,134.68625219409884,90601500,157.46151092529297,155.9608345794678,0.023199214168711846
2022-05-27,146.6951904296875,146.73439667634008,142.4013809336445,142.5288274126525,90978500,157.25085266113283,155.9675693511963,0.04075678994757359
2022-05-31,145.91094970703125,147.69514080945274,143.9503080341332,146.1364342695409,103718400,156.95872833251954,155.96935783386232,-0.005346056134213462
2022-06-01,145.78353881835938,148.75391017683245,144.773794451972,146.95010821381516,74286600,156.63664703369142,155.96064964294433,-0.0008732099196646637
2022-06-02,148.2342987060547,148.2931155543275,143.96989770419586,144.92080997395743,72348100,156.29623352050783,155.9687343597412,0.016810950725711704
2022-06-03,142.51904296875,145.05807025566116,141.61714962601158,144.00911981753086,88570300,155.81430236816405,155.96693725585936,-0.03855555554411816
2022-06-06,143.2640838623047,145.6462712304333,142.0484806619193,144.13656879270374,71598400,155.27170166015625,155.96720611572266,0.005227658550289727
2022-06-07,145.78353881835938,146.06782531945106,141.26425852389363,141.50933876771822,67808200,154.76676452636718,155.97279914855957,0.01758608918670923
2022-06-08,145.04830932617188,146.92071116560922,144.5581488005419,145.65610359122917,53950200,154.22989440917968,155.96729690551757,-0.005043295684456939
2022-06-09,139.83302307128906,145.038526536632,139.72518713500918,144.18565183238255,69473000,153.5229379272461,155.93615745544435,-0.03595551219528614
2022-06-10,134.43142700195312,137.98998215242344,134.36279735008839,137.5194322486073,91437900,152.7312466430664,155.88416015625,-0.03862890146186804
2022-06-13,129.2847442626953,132.53940235521404,128.85340060932865,130.2552525242583,122207100,151.89848785400392,155.8104320526123,-0.038284818171148594
2022-06-14,130.14736938476562,131.25513655089347,128.89256009857948,130.51009821175379,84784300,151.08885467529296,155.73584312438965,0.00667228857503499
2022-06-15,132.7648468017578,134.63726323315953,129.5592083618082,131.64728162043858,91533000,150.25071472167969,155.65227905273437,0.020111642896553095
2022-06-16,127.50052642822266,129.78467578709342,126.50059498012912,129.48077871917013,108123900,149.37346115112305,155.54869007110597,-0.039651462720367125
2022-06-17,128.97100830078125,130.4611001773296,127.25544681769559,127.51033981148552,134520300,148.58885330200195,155.44913440704346,0.011533143538716484
2022-06-21,133.19619750976562,134.36278178825876,130.69639115129178,130.79441426737327,81000500,147.88267959594725,155.36514041900634,0.032760767436434524
2022-06-22,132.6864013671875,135.04896268342907,131.27473728669952,132.137409257049,73409200,147.20644454956056,155.27542461395262,-0.0038274076295664594
2022-06-23,135.54898071289062,135.86267563561398,132.96093402675356,134.1275183400123,72433800,146.67242813110352,155.18835590362548,0.021574022026427775
2022-06-24,138.87228393554688,139.1173641987572,137.01947774401722,137.14690930909833,89116800,146.16748428344727,155.12561588287355,0.024517360478685024
2022-06-27,138.87228393554688,140.666273257268,138.1958600157244,139.8918112487565,70207900,145.60889785766602,155.0679521560669,0.0
2022-06-28,134.7353057861328,140.59762053174873,134.61767206581916,139.3330131628478,67083400,145.06761337280273,155.01449695587158,-0.029789804215606508
2022-06-29,136.49008178710938,137.90174634957765,133.98046254650382,134.75492447437682,66242400,144.56573135375976,154.9669845199585,0.013023876635289255
2022-06-30,134.02947998046875,135.64700354645933,131.13753620204082,134.5490488814723,98964500,143.9690217590332,154.9141491317749,-0.018027696770513746
2022-07-01,136.19598388671875,136.3038197907336,132.9903451154339,133.36285690870372,71051600,143.41897018432618,154.86770427703857,0.016164383436880536
2022-07-05,138.7742462158203,138.82326526029516,134.23535494237336,135.05883599741875,73353800,142.93634170532226,154.83532222747803,0.01893053125007005
2022-07-06,140.1074676513672,141.28384979355582,138.30368070277723,138.5683715462856,74064300,142.57102279663087,154.8229317855835,0.009607124318106175
2022-07-07,143.47000122070312,143.66606245207848,140.46040821637013,140.47020604245932,66253700,142.2516142272949,154.84258281707764,0.023999674148011962
2022-07-08,144.1463623046875,144.646335480772,142.14651447587394,142.4013924960781,64547800,142.06476486206054,154.86322406768798,0.00471430318693522
2022-07-11,142.01910400390625,143.75427642973983,140.95055766241197,142.80336382609462,63141600,141.83987350463866,154.86141666412354,-0.014757627364086923
2022-07-12,142.98959350585938,145.5286208059207,142.19553604555907,142.89155544175705,77588800,141.4959782409668,154.8596781539917,0.006833513763940147
2022-07-13,142.62689208984375,143.56799177024092,139.3232005090592,140.17608985764943,71185600,141.2620994567871,154.8556870651245,-0.002536558130719957
2022-07-14,145.5482635498047,146.01881345268225,140.43098661066193,141.24465485515523,78140700,141.08057846069335,154.87386837005616,0.02048261318153588
2022-07-15,147.2147979736328,147.89122183493336,145.28356446993823,146.83247339444262,76259900,140.90263046264647,154.91727085113524,0.011450046762377708
2022-07-18,144.1758270263672,148.58727184385728,143.813098058474,147.77360356027648,81420900,140.53586471557617,154.94098796844483,-0.02064310781997558
2022-07-19,148.0284423828125,148.25391198084102,144.01893385798232,145.0090524915063,82982400,140.427244720459,154.99045993804933,0.026721645617754808
2022-07-20,150.0283203125,150.69494637561027,147.41086501912858,148.14610577429508,64823400,140.3441133117676,155.04431804656983,0.01351009236803069
2022-07-21,152.2928466796875,152.50851845862235,148.94994906470606,151.45956799212024,65086600,140.4086180114746,155.12663135528564,0.015093992670654588
2022-07-22,151.0576629638672,153.2045683993023,150.39105184778396,152.33208328648058,66675400,140.40038375854493,155.19315280914307,-0.008110582622558926
2022-07-25,149.9400634765625,151.9889303599999,149.28325033510924,150.97920113195147,53623900,140.52684432983398,155.2497424697876,-0.007398495815283623
2022-07-26,148.6166534423828,150.07732200029463,147.83239373585778,149.2636538636445,55138700,140.70408615112305,155.29341854095458,-0.008826260330258906
2022-07-27,153.70449829101562,154.23387992265205,149.16562296270044,149.57735592146827,78620700,140.89387649536133,155.36443752288818,0.03423468858155476
2022-07-28,154.2534942626953,154.53778073211737,151.37134852302864,153.8907653704556,81378700,141.12542861938476,155.4386404800415,0.0035717625559679167
2022-07-29,159.3119659423828,160.4099356728857,156.36120501340108,158.06696899861157,101786900,141.38560653686523,155.5444811630249,0.03279323884276408
2022-08-01,158.33163452148438,160.37070393464464,157.72384030664722,157.84147403635484,67829400,141.79126358032227,155.64834888458253,-0.006153532881848833
2022-08-02,156.8611297607422,159.2139087149108,156.48861801917639,156.94937000342367,59907000,142.23554458618165,155.73095302581788,-0.009287498137604655
2022-08-03,162.8607177734375,163.311657015849,157.58658648416494,157.67481177613547,82507500,142.79511215209962,155.83828357696532,0.038247767447846304
2022-08-04,162.54701232910156,163.89986001020398,161.19416464799912,162.74307352499065,55474100,143.24017776489256,155.93569896697997,-0.0019262192174073212
2022-08-05,162.3212432861328,162.81208464474912,160.0142829089203,160.22044287042655,56697000,143.7346467590332,156.02119846343993,-0.0013889461253931978
2022-08-08,161.85003662109375,164.73618641729826,161.19231095001098,163.32256080452132,60276900,144.21655349731446,156.10190128326417,-0.002902926662583738
2022-08-09,161.8990936279297,162.78261696114208,160.25968547297944,161.0155852740051,63135500,144.6355253601074,156.18177570343016,0.0003031016109733553
2022-08-10,166.13998413085938,166.23814341245296,163.8428352480907,164.60854654925055,70170500,145.02442123413087,156.2867105484009,0.026194652532619767
2022-08-11,165.40371704101562,167.85792369494868,165.10920924668594,166.94495103045548,57149200,145.41427658081054,156.38820804595946,-0.004431606838627311
2022-08-12,168.9475860595703,169.01629605421468,166.29703098384923,166.70935086886797,68039400,145.87755752563476,156.50410572052002,0.0214255706096127
2022-08-15,170.01759338378906,170.21392688656005,168.21130119143814,168.37818541775778,54091700,146.31322341918946,156.6276475906372,0.006333368526742156
2022-08-16,169.86053466796875,170.52808660786044,168.51563433427114,169.61511402434292,56377100,146.86005325317382,156.73224658966063,-0.0009237791965786002
2022-08-17,171.35267639160156,172.92335934005538,169.4089493149704,169.60528281111644,79542000,147.42182510375977,156.85782695770263,0.00878451093156829
2022-08-18,170.96002197265625,171.6962839363271,169.94889007422466,170.56735491708034,62290100,147.92535476684571,156.985544090271,-0.0022914986051805197
2022-08-19,168.3782196044922,170.55755638009072,168.17205964818893,169.86055507755876,70346300,148.3919529724121,157.09517818450928,-0.015101790104922852
2022-08-22,164.5005645751953,166.74861119438174,164.07843325743647,166.58172694573366,69026800,148.88530380249023,157.17824893951416,-0.023029433607299032
2022-08-23,164.16680908203125,165.61971039901564,163.59743126526018,164.01956265497435,54147100,149.4800114440918,157.26223773956298,-0.0020289018097047196
2022-08-24,164.46128845214844,165.03066617037743,163.2047358944321,164.25514348994625,53841500,150.18354232788087,157.3450595474243,0.0017937814090669413
2022-08-25,166.9154815673828,167.02346724627097,165.2662620854037,165.688378388784,51218200,150.9189045715332,157.44425846099853,0.01492261880186141
2022-08-26,160.62290954589844,167.91681938586046,160.56401098389765,167.44561591056575,78961000,151.476065826416,157.51018573760987,-0.03769915146513292
2022-08-29,158.42396545410156,159.9161124345619,156.89254277561915,158.19816763869952,73314000,152.0945346069336,157.57924533843993,-0.013690102476748622
2022-08-30,155.99917602539062,159.58231130465205,154.8309714061125,159.16019500251252,77906200,152.63509796142577,157.63642536163331,-0.015305698363000775
2022-08-31,154.34011840820312,157.63857209111154,154.261582013457,157.37351363125413,87991100,153.05797637939452,157.67494709014892,-0.010635040898661297
2022-09-01,155.0666046142578,155.51817026416148,151.836860169279,153.77077627080038,74229900,153.50558044433595,157.71705234527587,0.004707047095384942
2022-09-02,152.95596313476562,157.42262194968552,152.13135334781393,156.82379496598037,76957800,153.85372009277344,157.74371631622316,-0.013611192975706121
2022-09-06,151.6994171142578,154.21252227519972,150.87480729194033,153.60388383195894,73714800,154.11026275634765,157.75192584991456,-0.008215083575399462
2022-09-07,153.1032257080078,153.80021196934476,150.79626559392008,151.9841081371773,87449600,154.3948815917969,157.7457441329956,0.009253882582110906
2022-09-08,151.63070678710938,153.49589780674214,149.88329791132227,151.8074024718103,84923800,154.7327896118164,157.71909931182861,-0.009617817744132728
2022-09-09,154.48739624023438,154.92916542303703,151.91539245059826,152.62220516793604,68028800,155.0927359008789,157.70444065093994,0.018839781952186163
2022-09-12,160.43638610839844,161.25118449428555,156.38204700518378,156.66672837890903,104956000,155.6208740234375,157.7176205062866,0.03850793018035681
2022-09-13,151.02203369140625,157.5993035102858,150.5606417135221,156.97102730327344,122656600,155.91739501953126,157.68113788604737,-0.058679658931181655
2022-09-14,152.46511840820312,154.22233860679495,150.79626102566698,151.95463927472932,87965400,156.19121246337892,157.67694698333742,0.009555458111136561
2022-09-15,149.57894897460938,152.39638777057854,148.60709294324934,151.81718374523024,90481100,156.38064208984375,157.6415588760376,-0.01893003110302549
2022-09-16,147.9395751953125,148.57767791761873,145.6522527794473,148.4402429431555,162278800,156.47003356933592,157.57323970794678,-0.01095992310773053
2022-09-19,151.65029907226562,151.72883546494634,146.36885773323408,146.57500265714634,81474200,156.6201123046875,157.5260648727417,0.025082699284854293
2022-09-20,154.02601623535156,155.18440966019696,150.27599594996536,150.59012663818945,107689800,156.86025054931642,157.49570568084718,0.015665759827838244
2022-09-21,150.90423583984375,155.83228620825895,150.78643873263653,154.45792171393398,101696800,157.0185433959961,157.45912288665772,-0.020267877283391744
2022-09-22,149.9421844482422,151.64049091114813,148.1457037475465,149.588778163199,86652500,157.16484924316407,157.4007190322876,-0.006375244447230699
2022-09-23,147.67449951171875,148.6954577569954,145.83875792782328,148.42058784002563,96029900,157.20737396240236,157.30233211517333,-0.015123728821666016
2022-09-26,148.00828552246094,150.95333323742267,146.8989794231201,146.91861726875362,93339400,157.2232437133789,157.186549949646,0.002260281983997414
2022-09-27,148.9801483154297,151.88593544780034,147.20330517830297,149.9422080635759,84442700,157.31933013916014,157.07816898345948,0.006566272891670444
2022-09-28,147.09532165527344,147.8806707549768,142.1869085062377,144.93562286555536,146691400,157.30066772460938,156.93646076202393,-0.012651528955157088
2022-09-29,139.87013244628906,144.03247205665744,138.1031007730531,143.42383363893248,128138200,157.09750396728515,156.77676166534422,-0.049119095887475095
2022-09-30,135.66851806640625,140.4787712884576,135.47218456289696,138.69210195416497,124925300,156.76501739501953,156.60294689178465,-0.030039396591665213
2022-10-03,139.84068298339844,140.44933637961338,135.1678792129988,135.67835835777296,114311700,156.54067779541015,156.42569858551025,0.030752638684753864
2022-10-04,143.42381286621094,143.541609967603,141.61750576224773,142.37340544784647,87830100,156.41035278320314,156.30077892303467,0.025622943240615426
2022-10-05,143.7183380126953,144.68039782185656,140.39043433471556,141.43103055560152,79471000,156.31238647460938,156.1828065109253,0.0020535303071262945
2022-10-06,142.76609802246094,144.83744897574383,142.55995305808347,143.13914221609966,68402200,156.0936184692383,156.06686740875244,-0.006625737560020051
2022-10-07,137.52391052246094,140.47878470691822,136.8956342636469,139.9290298735793,85925600,155.7590267944336,155.908879737854,-0.036718713844622
2022-10-10,137.8478546142578,139.2909290851068,136.0317509799681,137.8478546142578,74899000,155.3297445678711,155.73955806732178,0.002355547414018444
2022-10-11,136.43423461914062,138.76083241469453,135.68816128454225,137.33738075448184,77033700,154.8917965698242,155.56003978729248,-0.010254929241176436
2022-10-12,135.80593872070312,137.78894134975735,135.6292430799311,136.58147619996143,70433700,154.47069274902344,155.35758304595947,-0.004605119090464349
2022-10-13,140.37083435058594,140.9598350656115,131.90871810397607,132.51737164924788,113224000,154.02089508056642,155.1830344772339,0.03361337267636677
2022-10-14,135.84527587890625,141.87280790341703,135.6587537430503,141.66664791660483,88598000,153.4868603515625,154.98541805267334,-0.032240019749236404
2022-10-17,139.80142211914062,140.282437004532,137.7006219624551,138.48597103526853,85250900,153.03646392822264,154.8133505630493,0.029122442533525472
2022-10-18,141.11688232421875,144.0128431743189,138.03439937209953,142.825015544548,99136600,152.62180084228515,154.65094005584717,0.00940949087025067
2022-10-19,141.22483825683594,142.2948685353432,138.9080670690917,139.09458913180654,61758300,152.20831573486328,154.4673655319214,0.0007650107544834306
2022-10-20,140.76348876953125,143.21769564184982,140.03703814278057,140.4002709458009,64522000,151.7007858276367,154.29277614593505,-0.0032667729912047028
2022-10-21,144.57237243652344,145.14175003074126,140.0369895251427,140.25296085326963,86548600,151.28415893554688,154.1605965042114,0.02705874726668922
2022-10-24,146.7124481201172,147.47815927955588,143.32564645655586,144.49385104011358,75981900,150.8394561767578,154.05339092254638,0.014802798401426065
2022-10-25,149.54953002929688,149.69679141311283,146.62411995147127,147.34074408565283,74732300,150.43009490966796,153.959539604187,0.019337704097588837
2022-10-26,146.61428833007812,149.20592954793565,145.32827166402765,148.19479776463467,88194300,149.96516998291017,153.8509143447876,-0.019627221153043606
2022-10-27,142.1476593017578,146.3198108162611,141.48993368404496,145.35776595535313,109180200,149.38106964111327,153.70582904815674,-0.03046516870350613
2022-10-28,152.88726806640625,154.6150242142885,145.11234293200243,145.48537216958695,164762400,149.0196145629883,153.61224193572997,0.07555248406764048
2022-10-31,150.5312042236328,151.4147275390832,149.13721674827332,150.35450854811523,97943200,148.6626742553711,153.52320125579834,-0.015410464668320745
2022-11-01,147.89047241210938,152.60255171953904,146.3983256985316,152.2393339638939,80379300,148.33047241210937,153.41665523529053,-0.017542753511758935
2022-11-02,142.3734130859375,149.38262560122348,142.34396380900958,146.22160672381153,93604600,147.8946044921875,153.29850833892823,-0.037305035518435004
2022-11-03,136.33609008789062,140.1842842462697,136.2084665510831,139.45783369878677,97918500,147.33210052490233,153.16762577056886,-0.04240484839962855
2022-11-04,136.07057189941406,140.28896920604143,132.1373281619349,139.71864706361086,140814800,146.71520233154297,153.04382335662842,-0.0019475267943022123
2022-11-07,136.60157775878906,136.8277351131925,133.40581664759068,134.82178704829124,83374600,146.23477569580078,152.93294101715088,0.003902429834479859
2022-11-08,137.17189025878906,139.06967336647747,135.19544046730184,138.06670690734794,89908500,145.80973419189453,152.82877185821533,0.004175006682624494
2022-11-09,132.61915588378906,136.23774833279379,132.3438299914245,136.18857977969958,74917800,145.3421337890625,152.71083332061767,-0.033189995168913966
2022-11-10,144.4188995361328,144.4188995361328,137.171901375878,138.88286812786214,118854000,145.1437094116211,152.6523334121704,0.08897465508439506
2022-11-11,147.20167541503906,147.5064994693465,141.9606252113591,143.3864383750097,93979700,144.98641082763672,152.6100448989868,0.0192687791407109
2022-11-14,145.80535888671875,147.77198095425382,144.96953850636208,146.48384590068005,73374100,144.8433987426758,152.50646717071533,-0.009485738014756717
2022-11-15,147.5359649658203,151.0267217594032,146.0806689942232,149.6795905900005,89868300,144.76012969970702,152.38979000091553,0.011869289937732175
2022-11-16,146.30685424804688,147.36883205309908,144.83188757505272,146.64119143040293,64218300,144.62420227050782,152.26779834747313,-0.00833092268761848
2022-11-17,148.20468139648438,148.95199258833983,143.71094152135223,143.98626748699053,80389400,144.55568176269531,152.1492831802368,0.012971553234409239
2022-11-18,148.76513671875,150.15160903599656,147.46717380781297,149.76811828911318,74829600,144.44123657226564,152.04794162750244,0.0037816303573181553
2022-11-21,145.53985595703125,147.86047052115927,145.25470236836378,147.65398361312236,58724100,144.14330596923827,151.9318928909302,-0.02168035356171083
2022-11-22,147.6736297607422,147.90962978782017,144.47786920588229,145.65785433713793,51804100,144.076337890625,151.83008602142334,0.014661096025413878
2022-11-23,148.548828125,149.29613922514196,146.84768896962234,146.95585380028717,58301400,143.99801208496095,151.71713962554932,0.005926571762851607
2022-11-25,145.63819885253906,146.3953525551104,144.66471552066162,145.8348580598712,35195900,143.91919708251953,151.58254344940187,-0.01959375451963663
2022-11-28,141.8131103515625,144.19272111621666,140.9871327315936,142.7177546502144,69246000,143.79666778564453,151.44918270111083,-0.026264321662268886
2022-11-29,138.81402587890625,142.39327767480953,138.007718580844,141.8819517027843,83763800,143.53994232177735,151.31785900115966,-0.021148146777271504
2022-11-30,145.55953979492188,146.23802684928043,138.2043770255708,139.04018245155586,111380900,143.37061279296876,151.2190881729126,0.04859389296799188
2022-12-01,145.8348846435547,146.64120704597443,144.16325857031342,145.73656252403373,71250400,143.26922576904298,151.10255710601805,0.0018916303872680285
2022-12-02,145.34320068359375,145.53003217962117,143.21924526160134,143.52408428382984,65447400,143.17724609375,150.98474208831786,-0.003371511289378404
2022-12-05,144.18289184570312,148.40128929094377,143.3372438141924,145.30386574755366,68826400,143.1074139404297,150.8790880203247,-0.007983234388903915
2022-12-06,140.52496337890625,144.84169760083205,139.5514801929375,144.615540296504,64727200,142.9577474975586,150.76287738800048,-0.025370058957559283
2022-12-07,138.58786010742188,140.97729872796708,137.6635453309665,139.81699890501977,69721100,142.74990173339845,150.6515665817261,-0.013784762684913465
2022-12-08,140.2693328857422,141.12482380942538,138.7452125702619,139.98417924727298,62128300,142.6133819580078,150.56946453094483,0.0121329009410851
2022-12-09,139.78750610351562,143.14060047218985,138.54852454565471,139.96449489513216,76097000,142.61172943115236,150.47188526153565,-0.0034350115760445332
2022-12-12,142.07862854003906,142.08845624970894,138.70586361029962,140.31849324023466,70462700,142.739931640625,150.3754341506958,0.016390037281492242
2022-12-13,143.04225158691406,147.46715106267968,141.83278326469596,147.00499369488003,93886200,142.8039630126953,150.2824797439575,0.006782322273074515
2022-12-14,140.8199920654297,144.21241242784126,138.80420126905452,142.92427726159215,82291200,142.7518865966797,150.1878115463257,-0.015535686112533753
2022-12-15,134.2219696044922,139.43352160827794,133.7598121718234,138.75503452609877,98931900,142.56195922851563,150.04370784759521,-0.04685430217800213
2022-12-16,132.26515197753906,135.35274779526193,131.49817062820333,134.4087776749108,160156900,142.35194030761718,149.89143535614014,-0.014578966712522679
2022-12-19,130.16085815429688,132.94362978303496,129.12839371956332,132.85513540362356,79592600,142.2046792602539,149.74361835479738,-0.015909661704388567
2022-12-20,130.092041015625,131.02618341248566,127.72225803734129,129.19722445474264,77432800,142.04956298828125,149.61439846038817,-0.0005287083970382245
2022-12-21,133.18948364257812,134.52678732015247,130.5345467103143,130.76070405901197,85928000,141.98466796875,149.5097694015503,0.02380962434574374
2022-12-22,130.02322387695312,132.31434056379908,128.12544063659777,132.10785363301125,77852100,141.869013671875,149.36234088897706,-0.023772595846394684
2022-12-23,129.65940856933594,130.21006041152802,127.47645662054781,128.7350936895975,63814900,141.65478515625,149.23477542877197,-0.002798079425883837
2022-12-27,127.85995483398438,129.2169290987198,126.57181955561124,129.18743096288975,69007800,141.49507873535157,149.11676265716554,-0.013878312073198229
2022-12-28,123.9365234375,128.8432433891337,123.76936236246999,127.505939784758,85438400,141.17778076171874,148.99924869537352,-0.030685380747855207
2022-12-29,127.44695281982422,128.30242867918332,125.5983306446105,125.8539861302219,75703700,140.90438217163086,148.8774087524414,0.02832441386089468
2022-12-30,127.7615966796875,127.78126710171549,125.30332657301084,126.26697469654857,77034200,140.6351173400879,148.7351173400879,0.0024688221483655237
2023-01-03,122.98270416259766,128.71540148347327,122.09772277878758,128.10575347623433,112117500,140.27950164794922,148.5638903427124,-0.03740476513510593
2023-01-04,124.2511978149414,126.51281646624362,122.99256074022561,124.77235152537197,89113600,139.8730781555176,148.38256050109862,0.010314406899580408
2023-01-05,122.93354034423828,125.63764564758301,122.67788488068354,125.00832719533365,80962700,139.3975,148.187790184021,-0.01060478686624522
2023-01-06,127.45677947998047,128.115596113896,122.80572219640975,123.907033324828,87754700,138.95564498901368,147.99879920959472,0.03679418263784018
2023-01-09,127.97792053222656,131.18352399196448,127.72226507394718,128.29258725392592,70790800,138.58291763305664,147.80561080932617,0.004088766830390167
2023-01-10,128.54824829101562,129.06940194282927,125.98180587179891,128.08609090104719,63896200,138.3109294128418,147.59638145446777,0.004456454335382443
2023-01-11,131.26222229003906,131.2818777117784,128.2827904454057,129.05959971999454,69458900,137.87842849731445,147.39754058837892,0.021112493053031534
2023-01-12,131.1835479736328,132.019353473187,129.2464237509339,131.6457054280313,71379600,137.49147537231445,147.19399925231934,-0.000599367548664631
2023-01-13,132.51100158691406,132.6683349676498,129.46274610687883,129.8265664212103,57809700,137.18388595581055,146.98065002441408,0.010119055581177427
2023-01-17,133.6713104248047,134.99877137842552,131.89151977321038,132.5798345273993,63646600,137.0098439025879,146.7789266204834,0.008756320788425809
2023-01-18,132.95347595214844,136.29672707490226,132.776472184589,134.5366071318126,69672800,136.94219161987306,146.58908058166503,-0.00537014614710507
2023-01-19,133.0124969482422,133.9761376268957,131.53753029546903,131.84235433638028,58280400,136.8810301208496,146.4009979248047,0.0004439221740617505
2023-01-20,135.569091796875,135.71659745917918,131.98001240951498,133.02231973826562,80223600,136.86038040161134,146.20548416137694,0.01922071164206196
2023-01-23,138.75503540039062,140.92815961902411,135.59860004292767,135.81492969380113,81760300,136.89204330444335,146.04244331359862,0.023500515945693357
2023-01-24,140.15133666992188,140.77082749424633,137.95855701188813,137.96838472187488,66435100,137.042686920166,145.90219299316405,0.010063067372669376
2023-01-25,139.49253845214844,140.05301807827476,136.49343605439017,138.53872531246566,65799300,136.94415969848632,145.7571312713623,-0.004700620296793967
2023-01-26,141.55746459960938,141.8426182007582,139.53183124401355,140.78064047196506,54105100,136.83127548217774,145.63242782592772,0.014803129761448153
2023-01-27,143.49456787109375,144.77287517943125,140.69214050710963,140.77080718806803,70555800,136.78505966186523,145.53865165710448,0.013684218468898113
2023-01-30,140.61349487304688,143.12094131391822,140.46600420175812,142.54079133466578,64015300,136.64661026000977,145.42112174987793,-0.020077923790362884
2023-01-31,141.88194274902344,141.93111130163894,139.9054929686203,140.31848180314623,65874500,136.5581120300293,145.2965234375,0.009020811815549923
2023-02-01,143.00294494628906,144.16325999959267,138.96155019582764,141.56731895311415,77663600,136.4540773010254,145.20254051208497,0.007900950434887921
2023-02-02,148.30296325683594,148.65694079146772,145.69718026187857,146.4149930473278,118339000,136.44483383178712,145.13613441467285,0.03706230184656345
2023-02-03,151.9215850830078,154.75352622762708,145.3629009773319,145.5595602225663,154357300,136.57246841430663,145.0764175415039,0.0244001990702305
2023-02-06,149.19776916503906,150.54491539574025,148.26362674506663,150.0237617823619,69858300,136.60295120239257,145.00391357421876,-0.017929090961501637
2023-02-07,152.06906127929688,152.63938353904294,148.12598902287087,148.12598902287087,83322600,136.67335586547853,144.94973052978514,0.019244872965102244
2023-02-08,149.38462829589844,152.00023955919008,148.64714493246836,151.3119247541495,64120100,136.7482844543457,144.90478660583497,-0.017652722788023878
2023-02-09,148.3521270751953,151.75438976697808,147.9096401221254,151.21356571138807,56007100,136.87906478881837,144.84934509277343,-0.00691169655460111
2023-02-10,148.7165069580078,149.0414968354293,146.95369947058745,147.1900598433605,57450700,137.07711441040038,144.82548347473144,0.0024561823951996242
2023-02-13,151.51336669921875,151.91712829057613,148.62785906834173,148.65740223290342,62199000,137.19619094848633,144.81673194885255,0.01880665299650075
2023-02-14,150.8732452392578,151.4345954776921,148.56878800441328,149.80964612462722,61707600,137.29695816040038,144.77017639160155,-0.0042248514035840845
2023-02-15,152.97091674804688,153.13833305811258,150.5581292969133,150.78463194852628,65573800,137.44951248168945,144.76342681884765,0.013903535417843838
2023-02-16,151.37551879882812,153.95572244720177,151.02098573800205,151.17854429955682,68167900,137.59336502075195,144.74718284606934,-0.010429420069740902
2023-02-17,150.23313903808594,150.67630162569367,148.55896091432058,150.03617955770974,59144100,137.78752853393556,144.7177875518799,-0.007546661242234021
2023-02-21,146.22496032714844,149.00213887625634,146.15603126407484,147.9188390818426,58867200,137.94027053833008,144.6363417816162,-0.0266797241713852
2023-02-22,146.64842224121094,147.67262055430007,144.9250004924314,146.60902132895072,51011300,138.06785232543945,144.60228668212892,0.002895961900862165
2023-02-23,147.13096618652344,148.05669224456878,145.00378282832062,147.81048914517564,48394200,138.2147215270996,144.56701705932616,0.0032904816699548256
2023-02-24,144.48182678222656,144.95453250364176,143.50685714395402,144.87574571223192,55469600,138.26278549194336,144.54408813476562,-0.018005315080568796
2023-02-27,145.67344665527344,146.90446214048941,145.21058363066865,145.46664446890208,44998500,138.31540939331055,144.51510848999024,0.008247541573813022
2023-02-28,145.17120361328125,146.8158385647427,144.6000106018143,144.8166705381309,50547000,138.4024336242676,144.5228793334961,-0.0034477322636616847
2023-03-01,143.10308837890625,144.9939263960711,142.80764165155819,144.60000744430354,55479000,138.58005599975587,144.53962196350096,-0.014246043174541811
2023-03-02,143.6939697265625,144.48182259076125,141.71448733904464,142.18720807379,52238100,138.80863235473632,144.53701690673827,0.004129060765563075
2023-03-03,148.73619079589844,148.81497757802083,145.0923885282298,145.7915968006226,70732300,139.18013900756836,144.56731842041015,0.03508999771480226
2023-03-06,151.4936981201172,153.92618602775224,151.1293223291666,151.4542972077173,87558000,139.6081721496582,144.59327156066894,0.01853958548664658
2023-03-07,149.297607421875,151.69069500723498,148.83474426282984,151.36570502149803,56182000,139.93033462524414,144.64951568603516,-0.014496251167496976
2023-03-08,150.54827880859375,151.13917230662574,149.52408044265695,150.48919246419973,47204800,140.34083572387695,144.72902168273924,0.008377035696122581
2023-03-09,148.3029327392578,152.19293968514444,147.94839958565268,151.22782749973814,53833600,140.71370620727538,144.79612464904784,-0.014914458585014168
2023-03-10,146.2446746826172,148.64761988981078,145.36819204822754,147.92871088177273,68572400,141.08140060424805,144.82587936401367,-0.013878741428933195
2023-03-13,148.18472290039062,150.81417020284252,145.4567883472071,145.56511831219402,84457100,141.56636459350585,144.87881401062012,0.013265769998010324
2023-03-14,150.2725372314453,151.07023295988367,147.82036369988242,148.98243524821328,73695900,142.0228762817383,144.9414031982422,0.01408926838199176
2023-03-15,150.6664581298828,150.92250395033966,147.64307677577528,148.8937927615987,77167900,142.4809735107422,144.9899829864502,0.002621376504948536
2023-03-16,153.48304748535156,154.0837837636838,149.33697988783769,149.84908663995225,76161100,143.09098037719727,145.0239222717285,0.01869420301259561
2023-03-17,152.64593505859375,154.35951419092353,151.93686886777078,153.70953434482817,98944600,143.6588751220703,145.05759719848632,-0.00545410350180664
2023-03-20,155.00946044921875,155.4230948668754,151.80882025865256,152.71486085947325,73641400,144.30039352416992,145.10372680664062,0.015483709996717332
2023-03-21,156.86090087890625,156.97907354545168,154.1625097854557,154.93067719913012,73938300,144.88847595214844,145.1468598175049,0.011944047958892368
2023-03-22,155.43295288085938,159.67749219321786,155.41325242402124,156.88062840402722,75701800,145.4375765991211,145.21142936706542,-0.009103275513821174
2023-03-23,156.51620483398438,159.09642316640492,155.2851895124044,156.41773262448348,67622100,145.99693572998046,145.27768997192382,0.006969255444534417
2023-03-24,157.8162078857422,157.9048374069247,155.4526638252611,156.44731907052963,59196500,146.52801544189452,145.33785331726074,0.008305868731846022
2023-03-27,155.87612915039062,158.3283178086609,155.4723523985585,157.51092158923748,52390300,147.0218670654297,145.39199241638184,-0.012293279387096678
2023-03-28,155.2556610107422,156.08291480553032,153.61102618902072,155.57080817581272,45992200,147.47676025390626,145.4691056060791,-0.003980520577655633
2023-03-29,158.3282928466797,158.60403911493316,156.92986104995282,156.94954647836764,51305700,147.96989990234374,145.58858993530274,0.019790787762160367
2023-03-30,159.8941650390625,160.0024950198449,158.8207229739758,159.07676882534926,49501700,148.50871368408204,145.74163703918458,0.009890033955580968
2023-03-31,162.39556884765625,162.49405610459849,159.45098920585787,159.97293860815142,68749800,149.0963751220703,145.90287803649903,0.015644121897647967
2023-04-03,163.64630126953125,163.76447396805997,161.7259197832038,161.7751634166065,56976200,149.65791931152344,146.0572853088379,0.007701764467775041
2023-04-04,163.11447143554688,164.3060859426903,162.6023648150906,164.0697406002056,46278300,150.14510803222657,146.2353550338745,-0.0032498738429073137
2023-04-05,161.2728729248047,162.54328933366952,159.34264903941414,162.2379998945446,51511700,150.56753875732423,146.39686435699463,-0.011290221490064867
2023-04-06,162.1592254638672,162.45467221127325,159.53962067833683,159.96308282888376,45390100,151.0208724975586,146.54167949676514,0.005495980340573192
2023-04-10,159.5691680908203,159.5691680908203,157.6487867222166,158.96843186504725,47716900,151.3811065673828,146.6760933303833,-0.015972309719893163
2023-04-11,158.35780334472656,159.89410795861718,158.0721993941455,159.8842652464405,47644200,151.67837127685547,146.79013744354248,-0.007591471213312939
2023-04-12,157.66847229003906,159.59869619161648,157.35332510698044,158.77145737665472,50133100,152.0194708251953,146.88411838531493,-0.0043529970745230795
2023-04-13,163.0455322265625,163.28189260314673,158.96840964951016,159.17522685740187,68445600,152.4427426147461,147.00498462677,0.03410358366783739
2023-04-14,162.70086669921875,163.794009087704,161.33197803499354,162.09027277975596,49386500,152.83670104980467,147.14481243133545,-0.0021139219372464657
2023-04-17,162.72055053710938,162.8781241294329,161.53877864877254,162.5826774005875,41516200,153.12505279541017,147.27596477508544,0.00012098176420294315
2023-04-18,163.94174194335938,164.86746811951792,163.13418846133288,163.57736611842117,49923000,153.36545593261718,147.4255260848999,0.007504838216310539
2023-04-19,165.0841522216797,165.6061017331643,163.02588232654637,163.28194323734553,47720200,153.68318359375,147.5699669265747,0.006968391727318668
2023-04-20,164.11900329589844,165.3204757933169,163.04556123695718,163.56751067945328,52456400,153.92418243408204,147.6966907119751,-0.00584640568335848
2023-04-21,162.51376342773438,163.92203809382642,161.99181400338804,162.54330660065614,58337300,154.18676513671875,147.80872219085694,-0.009780950626844143
2023-04-24,162.8190460205078,163.0849495926161,161.40091367199096,162.49405610505224,41949600,154.476103515625,147.90546741485596,0.001878503003895915
2023-04-25,161.28273010253906,163.78414697340926,161.24332919160244,162.68116189989732,48714100,154.72742797851564,147.9911492538452,-0.009435726074548123
2023-04-26,161.2728729248047,162.76979197769046,160.32746143764658,160.58350725145092,45498800,154.92261810302733,148.08741809844972,-6.111737895375668e-05
2023-04-27,165.8522491455078,165.99996498511996,162.68115222078845,162.68115222078845,64902300,155.22219818115235,148.20173137664796,0.028395204584954037
2023-04-28,167.1029815673828,167.27041291997128,165.33033104891717,165.93106728858945,55275900,155.50483947753906,148.32411182403564,0.0075412448629363915
2023-05-01,167.01429748535156,167.86123657890911,166.0787289002342,166.7090081075067,52472900,155.81761505126954,148.43144199371338,-0.0005307151386493292
2023-05-02,165.9803009033203,167.76282424517206,164.99548835131355,167.5067633643402,48425700,156.13255828857422,148.52526950836182,-0.006191066259593425
2023-05-03,164.90684509277344,168.32414556576836,164.6212560883793,166.925713661642,65136000,156.50619598388673,148.62892459869386,-0.006467368746199242
2023-05-04,163.27206420898438,164.50307988258416,161.81454585901537,162.38573893481126,81235400,156.8386688232422,148.7051427078247,-0.009913359769082808
2023-05-05,170.93389892578125,171.65280778469676,168.1665634032941,168.38322333782398,113453200,157.31472747802735,148.8096706008911,0.046926795186406745
2023-05-08,170.86495971679688,171.20965008439242,169.49607101524845,169.86044681233003,55962800,157.84239013671876,148.90253116607667,-0.00040330917049002935
2023-05-09,169.16127014160156,170.90437768216194,168.99385379727335,170.4218291094066,45326900,158.3121466064453,148.99304920196533,-0.009970971099160009
2023-05-10,170.9240264892578,171.38688948895523,169.28923440637098,170.39223444016065,53724500,158.82720306396484,149.09796901702882,0.01042056699019045
2023-05-11,171.11114501953125,171.9383837832071,169.55513971049686,171.2096322648924,49514700,159.38736419677736,149.21044147491455,0.001094746795502033
2023-05-12,170.1841583251953,171.653548851867,168.6358569767775,171.21962961924467,45533100,159.91716796875,149.29283977508544,-0.005417453633602465
2023-05-15,169.6910858154297,170.815324358024,169.09937498339835,170.76601261404946,37266700,160.33626586914062,149.3700277328491,-0.0028972879415922748
2023-05-16,169.6910858154297,170.74628490689332,169.42481443623242,169.61219003463674,42110300,160.70021362304686,149.42192333221436,0.0
2023-05-17,170.30250549316406,170.53917778241149,168.06388478776768,169.3360585337975,57951600,161.12031158447266,149.48177768707276,0.003603133746220566
2023-05-18,172.6298828125,172.8172584115987,170.1940301198803,170.60822168470452,65496700,161.56194366455077,149.56062145233153,0.013666136693622377
2023-05-19,172.7383270263672,173.951317433895,172.52136743505932,173.951317433895,55809500,162.05065155029297,149.61000949859618,0.0006281891182478017
2023-05-22,171.7916259765625,172.2945846931845,171.0519949677244,171.57466634347682,43570900,162.56159057617188,149.6562325668335,-0.005480550067271328
2023-05-23,169.1881103515625,170.9829553293692,168.9119826700276,170.7364116817252,50747300,162.98165832519533,149.69056690216064,-0.015155078777560393
2023-05-24,169.46424865722656,170.03623176135926,168.16250594092847,168.72461766792532,45143500,163.36549255371094,149.7286379623413,0.0016321377730992292
2023-05-25,170.5983428955078,171.4957503105663,169.3163129553576,170.02635984381527,56058300,163.76413024902342,149.7721342086792,0.0066922330064742575
2023-05-26,173.0045928955078,173.3399036765556,170.7166757800904,170.92377905521317,54835000,164.15456115722657,149.80645725250244,0.014104767720245937
2023-05-30,174.8488006591797,176.51543853230316,174.1288972454766,174.5135048279025,55964400,164.5986184692383,149.85368267059326,0.010659877479586521
2023-05-31,174.79946899414062,176.8704419237823,174.31623796446905,174.87836477742368,99625300,164.99441864013673,149.8829420852661,-0.00028213899582429924
2023-06-01,177.60015869140625,177.62974272201325,174.4838437196236,175.24320228346932,68901800,165.40920379638672,149.9208549118042,0.016022300945087498
2023-06-02,178.44830322265625,179.26683000310032,176.7816656255451,178.52719900186148,61996900,165.86951080322265,149.96379375457764,0.004775584309717473
2023-06-05,177.0972442626953,182.3929972823034,175.57852688511534,180.10507993454968,121946500,166.28113159179688,149.99251659393312,-0.007571150498837609
2023-06-06,176.73236083984375,177.62976831057978,174.97695616659206,177.4818481362361,64848400,166.6594546508789,150.02137828826903,-0.002060356299561139
2023-06-07,175.361572265625,178.70470351330488,174.8684849721747,175.97299569419778,61944600,167.0491635131836,150.0562950515747,-0.007756296400413976
2023-06-08,178.07354736328125,178.3398036598064,175.00654388250445,175.44044804834044,50214900,167.50552124023437,150.12415996551513,0.015465047801626275
2023-06-09,178.45816040039062,179.71059129506313,178.13272098000036,178.99068805786467,48900000,167.9081185913086,150.19561672210693,0.0021598549745558415
2023-06-12,181.24903869628906,181.34766218390052,178.468033910057,178.76388932505995,54274900,168.33521606445314,150.27955547332763,0.01563883819959133
2023-06-13,180.77565002441406,181.60403301510047,179.91768300176238,180.272706433175,54929100,168.70281768798827,150.3488563156128,-0.0026118134213568567
2023-06-14,181.4068145751953,181.84073380664427,179.50350482104812,180.83483150172444,57462900,169.05802795410156,150.45277584075927,0.003491424595602366
2023-06-15,183.43833923339844,183.94129793003785,181.23917400121888,181.4166932611595,65433200,169.4645053100586,150.57784770965577,0.011198722952940887
2023-06-16,182.3634033203125,184.40479194393566,181.72239585614398,184.14837692000424,101256200,169.88631591796874,150.70966884613037,-0.005859930468069874
2023-06-20,182.45213317871094,183.52707478677846,181.86043752572817,181.86043752572817,49799100,170.29217407226562,150.8502289199829,0.00048655517928986036
2023-06-21,181.4166717529297,182.8466218007744,180.06560242478363,182.34366316376426,49515700,170.72912414550783,150.98197925567626,-0.0056752497640957245
2023-06-22,184.41464233398438,184.46395407144706,181.1306792503188,181.19971869233248,51245300,171.25026092529296,151.13927265167237,0.016525331173187885
2023-06-23,184.09906005859375,184.96689848868263,182.45215034536935,182.98469303577104,53117000,171.77887268066405,151.30127086639405,-0.00171126474230332
2023-06-26,182.70858764648438,185.45015206010262,182.66913223239737,184.2470177435845,48088700,172.1721337890625,151.44929767608642,-0.007552849056735145
2023-06-27,185.45997619628906,185.78541559077308,183.10301971608257,183.31997931240525,50730800,172.6273159790039,151.61844402313233,0.015058890144387993
2023-06-28,186.63356018066406,187.2745677103686,185.00637796044083,185.33180236622022,51216800,173.105576171875,151.77917484283446,0.006327963630993194
2023-06-29,186.9688720703125,187.44224679697888,186.32786448538866,186.46592835204146,46347300,173.56611877441406,151.91183727264405,0.0017966323383846738
2023-06-30,191.2882843017578,191.79122791985353,188.6157445714927,188.98063939826477,85213200,174.09020141601562,152.1131685256958,0.023102306729544386
2023-07-03,189.79917907714844,191.19954526937022,189.10884478636748,191.10092178559267,31458200,174.60380493164064,152.29983882904054,-0.007784612790296741
2023-07-05,188.6847686767578,190.311950580781,187.98457816150727,188.92145597370774,46920300,175.1272250366211,152.49536792755126,-0.005871523816958324
2023-07-06,189.15814208984375,189.36524537083605,186.5842258571581,187.2153769807983,45094300,175.6540069580078,152.7014607620239,0.0025088056466120445
2023-07-07,188.04376220703125,190.0062550438309,187.60985803081866,188.7636804868427,46815000,176.18922760009767,152.88342807769774,-0.0058912604580521055
2023-07-10,186.00241088867188,187.36333679085425,184.45410938571575,186.6434184249519,59922200,176.683818359375,153.04331005096435,-0.010855724722800941
2023-07-11,185.47970581054688,186.68283993061024,184.02017173211044,186.5447760995126,46638100,177.0763674926758,153.21618740081786,-0.002810205930276144
2023-07-12,187.14637756347656,189.04968751691854,185.86434744027207,187.05761040387253,60750200,177.47723541259765,153.40220836639404,0.008985736448342552
2023-07-13,187.90570068359375,188.54672319895087,187.15621340871894,187.8662603208446,41342300,177.8950634765625,153.60336437225342,0.004057375461940849
2023-07-14,188.05364990234375,188.53686585918993,187.00830716161786,187.6000029338883,41616200,178.33653045654296,153.80359119415283,0.0007873588625133543
2023-07-17,191.3080291748047,191.6334686208352,189.1581605746784,189.2469126832782,50520200,178.8645541381836,154.0152305984497,0.017305589517411235
2023-07-18,191.05160522460938,191.64331601668746,189.75971887799713,190.6768691009351,48288200,179.42014495849608,154.2350120162964,-0.0013403721281400882
2023-07-19,192.40264892578125,195.48936484547627,189.98650938817815,190.43029994672796,80507300,179.8495199584961,154.49767459869383,0.007071616590625052
2023-07-20,190.45989990234375,193.75371936128715,189.83860510668907,192.39279363664537,59581200,180.24141876220702,154.77163150787354,-0.010097309128976217
2023-07-21,189.28634643554688,192.2744541324422,188.58615588066942,191.4164870851642,71951700,180.64392028808595,155.01885982513429,-0.006161682681753988
2023-07-24,190.08514404296875,192.21528467718613,189.59205676918674,190.73602285584008,45377800,181.02714263916016,155.25216648101807,0.004220048738136972
2023-07-25,190.94309997558594,191.75177028050072,190.25278084201756,190.65711599447494,37283200,181.42378173828126,155.4882902908325,0.004513534905301375
2023-07-26,191.81097412109375,192.93521264770516,190.64729522856234,190.9924473358141,47471900,181.85631805419922,155.73351467132568,0.004545197734920903
2023-07-27,190.54864501953125,194.47361545879667,189.88790988625553,193.30993672945922,47460200,182.27346923828125,155.99863834381102,-0.006581109904408078
2023-07-28,193.12257385253906,193.91151654263126,191.4559363697747,191.97860770429688,48291400,182.74209899902343,156.27501194000243,0.013507988118960368
2023-07-31,193.73402404785156,193.7734794641123,192.5604737033273,193.34941650238693,38824100,183.21072937011718,156.561510887146,0.0031661249284062887
2023-08-01,192.90562438964844,194.01013518521242,192.5801849485631,193.52691923606866,35175100,183.61624420166015,156.8470093154907,-0.004275963720231757
2023-08-02,189.9175262451172,192.48157144604934,189.19762292480593,192.34350758944402,50389300,183.95982818603517,157.09474277496338,-0.015489948279038379
2023-08-03,188.52699279785156,189.7103992851957,188.05363321247987,188.92147165885288,61235200,184.29453552246093,157.3581513595581,-0.007321775271392994
2023-08-04,179.4739227294922,184.78940327661547,179.40488328381886,182.95511789971007,115956800,184.50025177001953,157.55651386260988,-0.048020020549877196
2023-08-07,176.37734985351562,180.59817633552169,174.8980878140883,179.61200164257014,97576100,184.63851379394532,157.73281620025634,-0.017253608930383746
2023-08-08,177.314208984375,177.77771228390873,175.12490000933562,177.20572916857282,67823000,184.77283111572265,157.91326305389404,0.005311674836011804
2023-08-09,175.7264404296875,178.42854898853972,174.56274666920834,178.36938092489027,60378500,184.82726806640625,158.08807781219483,-0.008954547770209542
2023-08-10,175.5094757080078,178.25103959448677,175.1445959609342,176.99859377509202,54686900,184.84048156738282,158.24276332855226,-0.0012346731723988924
2023-08-11,175.56875610351562,176.38838822312198,174.34425781198718,175.10464195853916,52036700,184.8558673095703,158.38704486846925,0.00033776179473310464
2023-08-14,177.2178497314453,177.4449719133077,175.09470259478005,175.74646023123432,43675600,184.8482211303711,158.52538646697997,0.009392865020683816
2023-08-15,175.2329864501953,177.23762299403361,174.8379899652799,176.6451282666605,43622600,184.78391479492188,158.66847995758056,-0.01120013183919033
2023-08-16,174.36399841308594,176.30937200366554,174.29486573787133,174.91699954220002,46964900,184.72924987792967,158.8295616531372,-0.004959043697839172
2023-08-17,171.82608032226562,175.2922216904398,171.3125728746346,174.92684921501044,66062900,184.63112426757812,158.92425571441652,-0.01455528729507416
2023-08-18,172.30996704101562,172.9123464424467,169.81157749118245,170.14732599213767,61172200,184.57009216308595,159.03314952850343,0.0028161424496353504
2023-08-21,173.6431121826172,173.92949746098708,171.56935789788312,172.88274314562352,46311900,184.48148345947266,159.16191272735597,0.007736900914641964
2023-08-22,175.0157470703125,175.46012191641384,174.04799506153495,174.8478727981476,42038900,184.4126351928711,159.32512439727782,0.007904919869506477
2023-08-23,178.8571319580078,179.28176749229362,176.1019960768648,176.28962468028294,52722800,184.36479705810547,159.53772960662843,0.02194879576265807
2023-08-24,174.17637634277344,178.8374075605793,173.8109887437673,178.41277199096436,54945800,184.23281158447264,159.72825862884523,-0.026170360465879172
2023-08-25,176.3784942626953,176.91174101480664,173.62335841851225,175.16386577811136,51449600,184.13224517822266,159.92714321136475,0.012643034412360032
2023-08-28,177.93875122070312,178.33374768816518,176.31924159506977,177.83999456976295,43820700,184.02225341796876,160.1309775161743,0.00884607255850578
2023-08-29,181.81964111328125,182.58989476243158,177.25736718090633,177.4548654120463,53003900,184.01137817382812,160.37697994232178,0.021810256989859056
2023-08-30,185.30555725097656,185.50307057198083,182.43192527543482,182.62942352828824,60813900,184.06844665527345,160.581413230896,0.019172384877404136
2023-08-31,185.5227813720703,186.75716409811676,185.13765456426975,185.4931573920971,60794500,184.15056884765625,160.77301876068114,0.0011722482817908553
2023-09-01,187.0929718017578,187.54721631397274,185.92770639795236,187.12259578872172,45766500,184.20413543701173,160.97945682525634,0.008463599015036571
2023-09-05,187.32992553710938,187.60642607121574,185.26604116890505,185.92766852324166,45280000,184.26875274658204,161.1784266281128,0.0012665026006568603
2023-09-06,180.62478637695312,186.4905763861184,179.20277485131902,186.04618648324464,81755800,184.2270767211914,161.35001628875733,-0.035793208911664154
2023-09-07,175.34161376953125,175.98350189646143,171.37183427986267,172.99134398653018,112488800,184.02470947265624,161.48570095062257,-0.029249433111556478
2023-09-08,175.95387268066406,177.98814840122637,175.56874581023814,176.12176201867752,65551300,183.81111572265624,161.62164463043212,0.0034918060691375707
2023-09-11,177.11912536621094,178.0473836718388,175.1243584797436,177.82026144859472,58953100,183.6141207885742,161.77954097747804,0.006622489563851142
2023-09-12,174.09738159179688,177.8795329175836,172.63587633671216,177.2475294233725,90370200,183.270302734375,161.9116597366333,-0.017060516577000473
2023-09-13,172.0334930419922,175.0848841389881,171.80635572558617,174.30474566083996,84267900,182.91498901367189,162.02908306121827,-0.011854793742066994
2023-09-14,173.5443572998047,173.89986015970092,171.4113401404273,171.82609096561458,60895800,182.61218078613283,162.1686138534546,0.008782384354909967
2023-09-15,172.82345581054688,174.29484548306786,171.64833608181547,174.2750911398521,109259500,182.28548706054687,162.32366558074952,-0.004153989795314561
2023-09-18,175.74649047851562,177.13887792290447,173.9689761950564,174.2751007250675,67257600,182.03954162597657,162.50832790374756,0.016913414063268517
2023-09-19,176.83277893066406,177.38578010579235,174.91701409671836,175.3021409914078,51826900,181.8561489868164,162.66469409942627,0.006180996554700613
2023-09-20,173.29750061035156,177.45489404541186,173.20861358406935,177.0203888259045,58436200,181.6125048828125,162.80200717926024,-0.019992211521477454
2023-09-21,171.75697326660156,174.09737357666756,171.68785565712008,172.36923745366522,63149100,181.304716796875,162.9340760421753,-0.008889495453334728
2023-09-22,172.6062469482422,174.86764517240317,171.87550181385268,172.48775099523908,56725400,180.99872772216796,163.076192817688,0.004944624171516976
2023-09-25,173.88009643554688,174.75897636563758,171.97420160197885,172.02357992644104,46172700,180.71525665283204,163.24296848297118,0.007380089132501988
2023-09-26,169.8115997314453,173.01111068359924,169.51534481079926,172.63586851438868,64588900,180.28532806396484,163.39908718109132,-0.023398288748992302
2023-09-27,168.30068969726562,170.87808171574733,166.93794126401278,170.46333088230946,66921800,179.83030975341796,163.53924396514893,-0.00889756669490882
2023-09-28,168.55746459960938,169.8807195182162,165.5258128129139,167.2243249736919,56294400,179.35340606689454,163.6830937576294,0.0015256913254819704
2023-09-29,169.07095336914062,170.90771561508154,168.21181267677895,169.870831028669,51861100,178.92562713623047,163.8180553817749,0.00304637217195336
2023-10-02,171.57920837402344,172.12233981703872,168.79443355791753,169.08081880430257,52164500,178.571484375,163.96074016571046,0.014835517011644317
2023-10-03,170.24609375,171.46073744550782,168.6858469308082,170.1078434596355,49594600,178.17470336914062,164.1078706741333,-0.007769674639816482
2023-10-04,171.4903564453125,172.03348795172127,168.8339619515459,168.9524578917983,53020300,177.78564849853515,164.2942126083374,0.007308612302962203
2023-10-05,172.72474670410156,173.25799352598938,170.52259660006877,171.6187292983148,48527900,177.40392395019532,164.49651058197023,0.007198015587440265
2023-10-06,175.27249145507812,175.76624458491796,171.016326818613,171.6285909459562,57266700,177.09840087890626,164.72206874847413,0.01475031690358275
2023-10-09,176.75379943847656,176.81304741944209,173.6036511931428,174.60102736508813,42390800,176.771025390625,164.9553775405884,0.008451457334239354
2023-10-10,176.1612548828125,177.47464011941017,175.72674968355904,175.8748846750232,43698000,176.4195700073242,165.17023639678956,-0.0033523723820731988
2023-10-11,177.55364990234375,177.60302823490863,175.38113888285298,175.9736336691769,47551100,176.11253051757814,165.4078885269165,0.007904093442440141
2023-10-12,178.45228576660156,180.0619109305439,176.80313684087554,177.8202822818536,56743100,175.8832257080078,165.65185291290283,0.005061207498421316
2023-10-13,176.61550903320312,179.6570151987734,175.91437292525092,179.1533924067404,51427100,175.64499603271486,165.89563068389893,-0.01029281707156593
2023-10-16,176.48712158203125,176.84262444155877,174.3047260977915,174.5417330268598,52517000,175.58526000976562,166.15838367462158,-0.0007269319205015501
2023-10-17,174.9367218017578,176.19085892709333,172.6160912129652,174.44296868905948,57549400,175.55644744873047,166.39583251953124,-0.008784775718339355
2023-10-18,173.6431121826172,175.36137864838344,172.9222367694585,173.3863659573123,54764400,175.48302551269532,166.6252400970459,-0.0073947288243263465
2023-10-19,173.26788330078125,175.6181383369893,173.0012523479638,173.84062376512662,59302900,175.4338543701172,166.8766659927368,-0.0021609200452553656
2023-10-20,170.72010803222656,173.2283676109075,170.48310107616433,173.11974130623128,64244000,175.33806701660157,167.10901054382325,-0.014704255745607075
2023-10-23,170.838623046875,171.83599917885627,167.80697088494813,168.7747380957869,55980100,175.24346435546875,167.34853595733642,0.0006942065349797577
2023-10-24,171.2730712890625,171.50019348742782,169.30792860053273,170.88794448829165,43816600,175.1245687866211,167.56761741638184,0.002543032918664423
2023-10-25,168.9623565673828,170.89786073622298,168.5179666183954,169.73261037900426,57157000,174.99915618896483,167.7725395965576,-0.013491407051256954
2023-10-26,164.804931640625,169.2388405091802,163.600172706508,168.2414494672427,70625300,174.80797485351562,167.95382301330565,-0.024605628207486685
2023-10-27,166.1182861328125,166.8490461099926,164.74565318394508,164.82465548430088,58499100,174.69381896972655,168.12810333251954,0.007969145577824133
2023-10-30,168.16246032714844,169.03147079181505,166.76020302980592,166.90833803254793,51131000,174.61086883544922,168.31299789428712,0.012305533857372097
2023-10-31,168.63645935058594,168.76482492650203,165.80230595130433,167.23420217717043,44846000,174.5107357788086,168.49362518310548,0.002818697005951165
2023-11-01,171.79647827148438,172.05322449399938,167.99457285522465,168.86358325166134,56934900,174.44635040283202,168.68425102233886,0.01873864603815556
2023-11-02,175.35147094726562,175.55883879665177,173.26783240773895,173.32708036470643,77334800,174.3762371826172,168.89624099731446,0.02069304744514855
2023-11-03,174.44297790527344,174.61086723243213,171.1842192438163,172.06309922812656,79829200,174.38156921386718,169.1033934020996,-0.005180983296486863
2023-11-06,176.99075317382812,177.18825142381783,174.00849494223715,174.17636920813592,63841300,174.39381439208984,169.31050170898436,0.014605203941990608
2023-11-07,179.5484161376953,180.1606652677133,176.7340169447808,176.94138484513783,70530000,174.42600769042969,169.5144686126709,0.01445082818171417
2023-11-08,180.6050262451172,181.15802736111343,179.32126504404005,180.07177947416378,49340300,174.4017153930664,169.71673706054688,0.005884819984218526
2023-11-09,180.1310272216797,181.81965455110011,179.53851741631973,180.67415869856794,53763500,174.29822479248048,169.91992950439453,-0.002624506268137816
2023-11-10,184.3136749267578,184.48178544542026,181.475802800193,181.9108804268445,66133400,174.27404266357422,170.13371055603028,0.0232200291620539
2023-11-13,182.73159790039062,183.94782669363863,182.1482051958573,183.74018560328048,43627500,174.18681518554686,170.32989570617676,-0.008583611753147813
2023-11-14,185.34205627441406,186.0045554032819,184.21481647353394,185.59914075952597,60108400,174.14705780029297,170.55353851318358,0.01428575245889574
2023-11-15,185.9056396484375,187.3789678351275,185.67821821290843,185.74744196041772,53790500,174.25267486572267,170.77365699768066,0.0030407743679556898
2023-11-16,187.586669921875,188.82267924718175,186.53852134009114,187.44823748096084,54412900,174.49757598876954,170.9965756225586,0.00904238449471717
2023-11-17,187.56686401367188,188.24914348244,186.4594046371221,188.12059370194675,50922700,174.72983581542968,171.19289512634276,-0.00010558270591065622
2023-11-20,189.3071746826172,189.76203272766995,187.75475490242272,187.7646375447921,46505100,174.97359680175782,171.37982307434083,0.009278348167181871
2023-11-21,188.5062255859375,189.37638084971888,187.61630503925363,189.2676114417462,38134500,175.26177368164062,171.5763653564453,-0.004230949503221559
2023-11-22,189.16871643066406,190.77057938008178,188.6940931656517,189.3467095850447,39617700,175.60447814941406,171.76186363220214,0.0035144242195042086
2023-11-24,187.84371948242188,188.76330300712377,187.13177703645835,188.73363999587542,24048300,175.8904653930664,171.95415908813476,-0.00700431325666806
2023-11-27,187.66574096679688,188.5358962659671,186.7857030257735,187.79429075090235,40552600,176.1873110961914,172.15072715759277,-0.0009474818541466146
2023-11-28,188.26889038085938,188.9412871423915,187.28008315178343,187.6558347269926,38415400,176.4377590942383,172.34848907470703,0.0032139558928296896
2023-11-29,187.25042724609375,189.9399842182602,186.85491037465812,188.7633011569372,43014200,176.64611206054687,172.5271743774414,-0.005409619893681383
2023-11-30,187.82394409179688,188.18981305356235,186.08364867108205,187.71517468500207,48794400,176.93664093017577,172.7119278717041,0.0030628333090496618
2023-12-01,189.09951782226562,189.4159283197641,187.11200544734405,188.19969953750024,45704800,177.28349182128906,172.8925708770752,0.006791326508644335
2023-12-04,187.3097686767578,187.9228394923183,185.35193435249073,187.85361573572166,43389500,177.57756225585936,173.07224212646486,-0.009464588625709758
2023-12-05,191.25509643554688,192.2241233156588,188.05135551468544,188.081033613139,66628400,177.9250622558594,173.27735191345215,0.021063117992514035
2023-12-06,190.16741943359375,192.58009647341478,189.95976327032974,192.27356863697858,41089700,178.33217864990235,173.49706420898437,-0.00568704846158008
2023-12-07,192.09559631347656,192.81742141001197,191.42319951100376,191.46276025185608,47477700,178.80807678222655,173.7243000793457,0.010139365016498703
2023-12-08,193.5194854736328,193.79635031367135,191.50231010992096,192.02637677770835,53406400,179.30731719970703,173.95624267578125,0.007412398761253325
2023-12-11,191.01780700683594,191.32434997590968,189.27751140798418,190.948598334338,60943700,179.74625427246093,174.1889225769043,-0.012927269110260875
2023-12-12,192.53067016601562,192.54055280703432,189.57413099725628,190.9189094878757,52696900,180.16528350830077,174.423208694458,0.007920011138676353
2023-12-13,195.74427795410156,195.78382360297798,192.6690869899489,192.90639105920806,70404200,180.6752471923828,174.6760740661621,0.01669140706420902
2023-12-14,195.8926239013672,197.3857175620074,193.964452594447,195.8036348613561,66831600,181.1632925415039,174.94002174377442,0.0007578558556915471
2023-12-15,195.35865783691406,196.17935458626624,194.79503045579114,195.3190970971854,128538400,181.61597076416015,175.19834518432617,-0.0027258099555702575
2023-12-18,193.6974639892578,194.4291868327445,192.21425301938103,193.8952224343076,55751900,181.98447021484375,175.42315155029297,-0.008503302930362167
2023-12-19,194.73570251464844,194.74558515548247,193.69745188302565,193.96443406555753,40714100,182.3441082763672,175.6393615722656,0.005360103865108989
2023-12-20,192.64930725097656,195.46739869863922,192.64930725097656,194.69613029502625,52242800,182.67386932373046,175.85612007141114,-0.010713984321980896
2023-12-21,192.50100708007812,194.8741537657828,191.33422165280876,193.9051267903215,46482500,182.97281646728516,176.06588371276857,-0.0007697934293905417
2023-12-22,191.43312072753906,193.22285972664613,190.8101672306993,192.99542315884526,37149600,183.2324331665039,176.28153465270995,-0.005547432549767528
2023-12-26,190.88925170898438,191.719846217368,190.6717128965979,191.44298138124012,28919300,183.51790802001952,176.50475753784178,-0.0028410392960618314
2023-12-27,190.98812866210938,191.33421726083122,188.95118798803827,190.33552729492325,48087700,183.8079281616211,176.71877456665038,0.0005179807256814328
2023-12-28,191.41331481933594,192.48122849088116,191.00790021395272,191.96704448132198,34049900,184.13746002197266,176.92447845458983,0.002226243904294156
2023-12-29,190.3750762939453,192.2241411947973,189.5840274029703,191.72973752393827,42672100,184.47209930419922,177.12302154541015,-0.00542406637892745
2024-01-02,183.5621795654297,186.33084291740326,181.83176685644636,185.0552730997862,82488700,184.67798522949218,177.27341720581055,-0.035786705177710765
2024-01-03,182.187744140625,183.79950485996184,181.37691491631995,182.15808112880916,58414500,184.90733795166017,177.4211262512207,-0.007487574118255513
2024-01-04,179.87393188476562,181.04071720671112,178.85546161628733,180.11123597031312,71983600,185.08804412841798,177.54544860839843,-0.012700153167676365
2024-01-05,179.15213012695312,180.7144477397177,178.15344001418788,179.953076851374,62379700,185.2456253051758,177.65690475463867,-0.004012820258329164
2024-01-08,183.4830780029297,183.52263874374273,179.46852282651062,180.0519155054874,59144500,185.53603973388672,177.79715538024902,0.024174693724866803
2024-01-09,183.0677947998047,183.07767744176536,180.68476543102267,181.8614486084712,42841800,185.90129699707032,177.92991333007814,-0.002263332442670074
2024-01-10,184.10604858398438,184.31368968460146,181.86145160567418,182.28664662503843,46792900,186.26105224609375,178.06136253356934,0.005671416894025949
2024-01-11,183.51272583007812,184.9563909902637,181.56477442626638,184.45208965863696,49128400,186.56805755615235,178.19954551696776,-0.003222722764785191
2024-01-12,183.83905029296875,184.64987951630312,183.11722519297732,183.97748271061099,40477800,186.872109375,178.3424624633789,0.0017782116276381377
2024-01-16,181.57469177246094,182.1976301200088,178.90489995610474,180.12114381484557,65603000,187.06767364501954,178.4586944580078,-0.012317070377046102
2024-01-17,180.63531494140625,180.8825167727283,178.281963767062,179.24110807963172,47317400,187.17335052490233,178.56240020751954,-0.005173500898637662
2024-01-18,186.51873779296875,187.0230241166397,183.7500741577492,184.00715864056133,78005800,187.41486572265626,178.6830160522461,0.03257072324684107
2024-01-19,189.41592407226562,189.80155831594578,186.70660172518024,187.21088801676132,68903000,187.663369140625,178.81186416625977,0.015532950273943413
2024-01-22,191.71983337402344,193.14371820043874,190.1080727596782,190.14763349819026,60133900,187.90679748535158,178.95489097595214,0.012163229216561655
2024-01-23,192.9954071044922,193.55903452389106,191.66052626402544,192.83720939883855,42355600,188.15460510253905,179.11350364685057,0.006653321714401139
2024-01-24,192.322998046875,194.18196038829024,192.16478527569066,193.23269884918452,53631300,188.39844451904298,179.26432250976563,-0.0034840676661964665
2024-01-25,191.9967041015625,194.07320538533628,190.9485708187439,193.0349547434494,54822100,188.55210510253906,179.42646018981932,-0.0016965934840147412
2024-01-26,190.2662811279297,192.5800863732271,189.7916578927919,192.09558049769083,44594000,188.70279876708983,179.58600257873536,-0.009012774368863385
2024-01-29,189.58401489257812,190.04875551955823,187.4580852833725,189.86087972294905,47145600,188.78763793945313,179.74558029174804,-0.003585849428006771
2024-01-30,185.93531799316406,189.65324309628332,185.37170567810733,188.80286821503816,55859400,188.78823150634764,179.86002922058105,-0.01924580456575664
2024-01-31,182.3360595703125,185.00585134318092,182.28663127585358,184.94651023142666,55467800,188.68321929931642,179.95820518493653,-0.019357583388132316
2024-02-01,184.76853942871094,184.85752846784007,181.76257176566293,181.93066720224104,64885400,188.6272528076172,180.06844512939452,0.013340640705578277
2024-02-02,183.76983642578125,185.2332669548565,177.24370243482153,177.84687547061628,102551700,188.51650604248047,180.16758560180665,-0.005405157209217526
2024-02-05,185.579345703125,187.1317803970082,183.75994390321247,186.0440863383638,69668800,188.45796844482422,180.27006156921388,0.009846606562522231
2024-02-06,187.18121337890625,187.19109601961685,184.67953227102765,184.76852130142626,43490800,188.41821838378905,180.3853726196289,0.008631713134412022
2024-02-07,187.2899932861328,188.91163664571195,186.49894443287428,188.50622203381667,53439000,188.40714385986328,180.5092537689209,0.0005811475695820523
2024-02-08,186.2122039794922,187.418535043408,185.2530596605407,187.27021997882892,40962000,188.3780731201172,180.62621955871583,-0.005754655055137059
2024-02-09,186.9745330810547,188.10321111496148,186.13296840440984,186.77650719907678,45155200,188.35218597412108,180.7546785736084,0.004093872932444675
2024-02-12,185.29139709472656,186.79630612181433,184.93497167008087,186.5487888854563,41781900,188.31300537109374,180.87477119445802,-0.009001953146199226
2024-02-13,183.20236206054688,184.360756090923,181.68755769129083,183.92512331150874,56529500,188.22057373046874,180.9615217590332,-0.01127432286082719
2024-02-14,182.3212127685547,183.6875129162611,180.62820312290157,183.4796068721132,54630500,188.08500762939454,181.03761291503906,-0.004809704864509157
2024-02-15,182.03408813476562,182.65783644316613,179.5490203671251,181.72716915991907,65434500,187.97949401855467,181.11271186828614,-0.0015748284548411373
2024-02-16,180.49949645996094,183.0142804515248,179.86585283584154,181.5984737728991,49752500,187.76438201904296,181.18530784606935,-0.008430243425992745
2024-02-20,179.75694274902344,180.6182980286837,178.2124373755958,179.98465441119404,53665600,187.55617248535157,181.25955833435057,-0.004113882451202366
2024-02-21,180.50941467285156,181.07374623255754,178.8658962581704,180.13318356154335,41371400,187.32444885253906,181.34574508666992,0.00418605207854883
2024-02-22,182.53904724121094,183.12319953047427,180.64802661628633,181.6578862880503,52292200,187.10484008789064,181.40377082824708,0.011243915294046003
2024-02-23,180.70742797851562,183.2023913936763,180.42029946099493,183.17269052734747,45119700,186.8986325073242,181.45298316955567,-0.010034123056832711
2024-02-26,179.36090087890625,180.94500218994074,178.8559560281093,180.43017719516277,40867400,186.63523712158204,181.5039813232422,-0.007451420866714242
2024-02-27,180.8163299560547,182.09351248592515,177.77681047698752,179.30152539649055,54318900,186.33667816162108,181.55344284057617,0.008114528138610577
2024-02-28,179.61831665039062,181.30143093346823,178.34113428414614,180.69748823755316,48953900,186.01119201660157,181.59597869873048,-0.006625581361789701
2024-02-29,178.95498657226562,180.75691955299587,177.74710108364005,179.4698267249393,136682600,185.68311859130858,181.63983283996583,-0.003692997966438516
2024-03-01,177.87582397460938,178.7371792855814,175.61846756104012,177.76691576574171,73563100,185.3666857910156,181.68075653076173,-0.00603035779179284
2024-03-04,173.36109924316406,175.14321147352493,172.06409607852763,174.4006596751229,81510100,184.93919372558594,181.6991065979004,-0.025381328561490002
2024-03-05,168.43052673339844,170.3314573247722,167.9354922531265,169.06417026385637,95132400,184.4548181152344,181.68974670410157,-0.028441054719258507
2024-03-06,167.44049072265625,169.53944760498507,167.00485787713032,169.3612273012443,68587700,183.95360778808595,181.66379974365233,-0.0058780081612478385
2024-03-07,167.32167053222656,169.0344857697736,166.81674075207243,167.47017484778516,71765100,183.47137878417968,181.63671646118163,-0.0007096263867650832
2024-03-08,169.03448486328125,171.9749911536114,167.26226790901475,167.32166963491963,76267000,183.03428344726564,181.62293075561524,0.010236655692035912
2024-03-11,171.03443908691406,172.6482565736913,170.34139373001014,171.2225546353428,60139500,182.6352096557617,181.63216239929199,0.011831634386618939
2024-03-12,171.50965881347656,172.3017170819102,169.31170429451927,171.43045147590772,59825400,182.23713653564454,181.64238945007324,0.0027785031429898854
2024-03-13,169.43051147460938,171.4700511814422,169.0641756745517,171.05422401757613,52488700,181.8182452392578,181.63655029296876,-0.012122625356793093
2024-03-14,171.2819366455078,172.57892461566286,170.34137411890524,171.1928340614332,72913500,181.57264038085938,181.62793701171876,0.01092734215806157
2024-03-15,170.90570068359375,170.90570068359375,168.5988381717502,169.47010369924573,121752700,181.34699951171876,181.6082215118408,-0.0021965886729360395
2024-03-18,171.9947967529297,175.94517770513775,171.7967859641753,173.82643054023092,75604200,181.18941680908202,181.59419815063475,0.006372497026019275
2024-03-19,174.3313446044922,174.85607994565953,171.31163124958826,172.6086191723699,55215200,181.0930010986328,181.57785408020018,0.013584991497847199
2024-03-20,176.8956298828125,176.8956298828125,173.3511809805003,173.97492929704185,53423100,180.96125213623046,181.57009071350097,0.014709261172383803
2024-03-21,169.66812133789062,175.72735394947048,169.14338597139206,175.29172116809335,106181300,180.6932586669922,181.53294509887695,-0.040857473696268576
2024-03-22,170.569091796875,171.33144918231721,168.37113733503185,170.05425166968308,71160100,180.42251953125,181.5021287536621,0.0053101929335923614
2024-03-25,169.15328979492188,170.23246134793257,167.76718417070535,168.8760716915293,54288300,180.13533081054686,181.4710873413086,-0.008300460458798509
2024-03-26,168.02459716796875,169.71760650173536,167.89588337856168,168.31171049750878,57388400,179.81904174804689,181.42084259033203,-0.00667260227880595
2024-03-27,171.58885192871094,171.87598039200594,168.42063422483255,168.7176579392829,60273300,179.61932495117188,181.38649604797362,0.021212696360040084
2024-03-28,169.7770233154297,170.51957504542207,168.8166552027259,170.04434616825796,65672700,179.40215911865235,181.32913597106935,-0.010559127780830457
2024-04-01,168.34146118164062,169.54934678777494,167.79692011211174,169.48994505423667,46240500,179.03861358642578,181.26696502685547,-0.008455573703409325
2024-04-02,167.1632537841797,167.65828830624176,166.55931106297376,167.40087579338118,49329500,178.59356018066407,181.1957472229004,-0.006998913928813133
2024-04-03,167.9652099609375,168.98497988400436,166.90584392266877,167.11374996517486,47691700,178.11846771240235,181.1183815765381,0.004797442970290611
2024-04-04,167.14344787597656,170.2126525655396,167.14344787597656,168.59883533803097,53704400,177.60142852783204,181.0422817993164,-0.004892454128757051
2024-04-05,167.8959197998047,168.69787335368648,167.2721714324497,167.90581505219322,42104800,177.11288696289063,180.96950073242186,0.004501952863784853
2024-04-08,166.77713012695312,167.51968192191484,166.5692240844266,167.3513719945941,37425500,176.60849548339843,180.896303024292,-0.006663590599375935
2024-04-09,167.98501586914062,168.39094781013864,166.67813256359855,167.02464767080627,42373800,176.16287017822265,180.81415489196777,0.007242514254010901
2024-04-10,166.11378479003906,167.4107728345435,165.45044033625643,167.12365945587084,49709300,175.6934655761719,180.724228515625,-0.011139273758554946
2024-04-11,173.3017120361328,173.71755440871303,166.4900459805643,166.6682511911636,91070300,175.44079345703125,180.67719413757325,0.04327110633942266
2024-04-12,174.7967071533203,176.58872985356905,172.47994902506244,172.52944039553972,101670900,175.2900064086914,180.6238777923584,0.00862654557547482
2024-04-15,170.9750213623047,174.8758957155582,170.78690583147454,173.6185038309996,73531800,175.01413604736328,180.5455850982666,-0.02186360288620015
2024-04-16,167.6978759765625,172.03436750787574,166.59889888763496,170.04433444727835,73711200,174.6926968383789,180.44923011779784,-0.019167392754978807
2024-04-17,166.3315887451172,168.9552655008738,166.3315887451172,167.9256004082147,50901200,174.30774169921875,180.32444664001466,-0.008147313873171913
2024-04-18,165.38113403320312,166.96525061902096,164.89600984807865,166.36130787024413,43122900,173.87174011230468,180.20235641479493,-0.00571421651824966
2024-04-19,163.36138916015625,164.74747975255278,162.45052746983075,164.559379327856,68149400,173.39316802978516,180.0757395172119,-0.012212667937331778
2024-04-22,164.1930389404297,165.59893510418706,163.13367296874276,163.8762247169617,48116400,172.9527847290039,179.95091400146484,0.005090858889906347
2024-04-23,165.24252319335938,165.39104261951863,163.28219064755024,163.70792820716713,49537800,172.51814453125,179.83690780639648,0.006391770684690545
2024-04-24,167.34146118164062,167.61867928406764,164.55936979904956,164.8860792640679,48251800,172.15914581298827,179.74360305786132,0.012702166171991713
2024-04-25,168.2028350830078,168.9156860278579,166.4801094484109,167.84640961058278,50558300,171.8591552734375,179.65721870422362,0.0051474027732565375
2024-04-26,167.61866760253906,169.63840150907166,167.49984906174126,168.19290937676217,44838400,171.56510437011718,179.55958015441894,-0.003472994258274298
2024-04-29,171.7769775390625,174.28185098854456,171.38095596804143,171.64826373021612,68169400,171.35996215820313,179.4789365386963,0.02480815529678182
2024-04-30,168.6384735107422,173.2521991943247,168.31174889120035,171.60868084411632,65934800,171.12274169921875,179.38186065673827,-0.018270807143562662
2024-05-01,167.61866760253906,170.99480617347464,167.43055209459067,167.89588568564642,50383100,170.87997619628905,179.26341384887695,-0.006047290911573411
2024-05-02,171.31166076660156,171.69778712393833,169.19291342760516,170.79682058773386,94214900,170.69602111816405,179.16471412658692,0.022032111440113633
2024-05-03,181.55886840820312,185.14291355827163,180.84601747897057,184.7963833456082,163224100,170.6764175415039,179.110495223999,0.059816171273726404
2024-05-06,179.90545654296875,182.3707188474722,178.62825898838415,180.53910014061182,78569700,170.66037811279296,179.05772300720216,-0.009106753526999078
2024-05-07,180.5885772705078,183.0637497391675,179.5193160584302,181.62815272879564,77305800,170.684931640625,179.01423416137695,0.0037971095522379983
2024-05-08,180.92523193359375,181.25195654794928,179.6480343404535,181.03414013837894,45057100,170.68710968017578,178.96843460083008,0.0018642079591870697
2024-05-09,182.73704528808594,182.82614787366472,180.3014688648197,180.74699689996783,48983000,170.74948425292968,178.92740432739257,0.010014155212785258
2024-05-10,181.4779510498047,183.50042466657956,180.56585391849484,183.3120539854214,50759500,170.79994354248046,178.87573921203614,-0.006890196983847963
2024-05-13,184.6802215576172,185.49318663872077,183.0344740478803,183.84743912898392,72044800,170.93603149414062,178.84639709472657,0.01764550728773484
2024-05-14,185.82032775878906,186.68286641073877,184.69011878206607,185.89964252722956,52393600,171.18521606445313,178.8098858642578,0.006173407155114274
2024-05-15,188.09066772460938,189.0126735344407,185.76084369802737,186.29621459797372,70400000,171.57841888427734,178.7816690826416,0.012217931123054582
2024-05-16,188.20960998535156,189.458798518541,188.031163125035,188.8342042519463,52845200,171.99380126953125,178.75818901062013,0.0006323666249956617
2024-05-17,188.23936462402344,189.17129419091543,187.55528802161362,187.88245575005936,41282900,172.4121551513672,178.74979820251465,0.0001580930892646215
2024-05-20,189.39932250976562,190.27176982167657,187.38675756521698,187.7040166341828,44361300,172.81945190429687,178.7541598510742,0.0061621430143423694
2024-05-21,190.69808959960938,191.07481584379752,189.28036268210627,189.44890089382775,42309400,173.2127249145508,178.8102806854248,0.006857295330487734
2024-05-22,189.260498046875,191.16402192957736,188.63591892786417,190.61874243858153,34648500,173.56774169921874,178.8746964263916,-0.007538573436958629
2024-05-23,185.27503967285156,189.3596513961204,185.027186725998,189.33981892460397,51005900,173.8846322631836,178.914500579834,-0.021058057096713045
2024-05-24,188.3484344482422,188.94328765804346,186.42509288132968,187.19840810516956,36327000,174.22596221923828,178.97761054992677,0.016588282916130792
2024-05-28,188.35836791992188,191.3425125399711,187.4760118609873,189.86530324069457,52280100,174.57501556396485,179.04185501098632,5.2739868578122184e-05
2024-05-29,188.65576171875,190.5989356775744,187.88246165547932,187.98160889548626,53068000,174.90823486328125,179.1072900390625,0.0015788722429075364
2024-05-30,189.6471710205078,190.52952698465035,188.99285067972127,189.12172393667825,49889100,175.21455139160156,179.1694366455078,0.005255123367161385
2024-05-31,190.59896850585938,190.91622762632966,188.27906791647348,189.79592715782175,75158300,175.4886181640625,179.24626655578612,0.005018780297274539
2024-06-03,192.36367797851562,193.31544019840626,190.86665123579675,191.24337752621932,50080500,175.942529296875,179.3362649536133,0.00925875667895859
2024-06-04,192.68089294433594,193.64256361833955,191.37222208281784,192.96839571544555,47471400,176.38476531982423,179.44053901672362,0.0016490377453468597
2024-06-05,194.18785095214844,195.20900403542353,193.19643901671662,193.72188613227584,54156800,176.88545654296874,179.5499284362793,0.007821003861798737
2024-06-06,192.80979919433594,194.8124556459051,192.5024638984892,194.0094143560484,41181800,177.3811605834961,179.6457618713379,-0.007096488019490366
2024-06-07,195.1990966796875,195.24867030234284,192.47271383884646,192.97832848334124,53103900,177.85336547851563,179.74667861938477,0.012391991980362782
2024-06-10,191.46145629882812,195.60556579928584,190.49978557066368,195.20899197297106,97010200,178.2870541381836,179.80970024108888,-0.01914783646254603
2024-06-11,205.37100219726562,205.38092599962496,191.96712203677995,191.98693938600363,172373300,179.0276449584961,179.96567337036132,0.0726493267487105
2024-06-12,211.2401580810547,218.3089152196564,205.1231328450552,205.58909768640683,198134300,179.9091830444336,180.13998168945312,0.028578308626801885
2024-06-13,212.4001007080078,214.888539245905,209.7827737762817,212.8958066808934,97862700,180.797880859375,180.31228843688965,0.005491108497031272
2024-06-14,210.6651153564453,213.32209192759066,209.48533280144244,212.01343611534222,70122700,181.66831420898438,180.45651580810548,-0.008168477066532231
2024-06-17,214.80921936035156,217.06963733267014,210.8931452933454,211.5375569916551,93728300,182.6065802001953,180.60403411865235,0.019671524622832948
2024-06-18,212.44964599609375,216.7523850703462,211.17073132176122,215.7213082393038,79943300,183.52003051757814,180.73866844177246,-0.010984506955912021
2024-06-20,207.87925720214844,212.40010854906527,207.0563985691976,212.09275812722348,86172500,184.3179153442383,180.8425998687744,-0.021512809647276865
2024-06-21,205.70806884765625,210.07027533194446,205.33132746963062,208.58315742215362,241805100,185.10980102539062,180.93449058532715,-0.010444468504045346
2024-06-24,206.3524932861328,210.87332959032133,204.8158016590104,205.93610206103614,80727000,185.77081665039063,181.06312911987305,0.003132713471506232
2024-06-25,207.27450561523438,209.5646648210329,206.81844945769743,207.35380525957078,55549700,186.4203726196289,181.22279357910156,0.004468142421827137
2024-06-26,211.41859436035156,213.01476817493463,208.8310086144187,209.68362348048936,66213200,187.22924407958985,181.4001171875,0.019993239075961844
2024-06-27,212.26129150390625,213.88720639689362,210.52632069800987,212.84622088780682,49772700,188.12051239013672,181.57582801818847,0.003985917823852159
2024-06-28,208.81117248535156,214.21437951883613,208.4939285392998,213.91695291908772,82542700,188.9701040649414,181.74939697265626,-0.01625411300435431
2024-07-01,214.88853454589844,215.64200216221636,210.10001313722785,210.26855134899324,60402900,189.9602520751953,181.9636721801758,0.029104582806617874
2024-07-02,218.37831115722656,218.4873670751859,213.25271326862932,214.2936836981781,58046200,191.0605905151367,182.1878419494629,0.01623993862074924
2024-07-03,219.64735412597656,219.64735412597656,217.14899139427806,218.11066234301026,37369800,192.16967681884765,182.42196144104003,0.005811213403130955
2024-07-05,224.39617919921875,224.50523511983306,219.74645469045154,219.74645469045154,60412400,193.35274993896485,182.66520988464356,0.021620224346151407
2024-07-08,225.86346435546875,225.89320550199054,221.3327047505454,225.13972278278513,59085900,194.5231900024414,182.91036331176758,0.006538815239573781
2024-07-09,226.716064453125,227.42988222637766,224.4259054004998,225.9725055332989,48076100,195.69345458984375,183.17745613098145,0.0037748473401364446
2024-07-10,230.97914123535156,231.07828847688273,227.28117906796422,227.3307526887298,62627700,196.9606640625,183.4735669708252,0.018803593792569462
2024-07-11,225.61563110351562,230.39422897123262,223.83108651749725,229.40281699319425,64710600,198.03743713378907,183.73861389160157,-0.023220755359770306
2024-07-12,228.5601043701172,230.64207551688347,226.71607753741577,226.9540218514806,53046500,199.23586975097658,184.01201393127442,0.013050838952069821
2024-07-15,232.386962890625,235.1926606193721,231.0882156126273,234.44910163171727,62631300,200.5312356567383,184.3248907470703,0.01674333554866947
2024-07-16,232.80337524414062,234.2409196318231,230.3347538954296,232.98182214446476,43234300,201.76106994628907,184.64740417480468,0.0017918920594164334
2024-07-17,226.91436767578125,229.47221227385296,224.69359950369105,227.47946461019197,57345900,202.66817993164062,184.93918869018555,-0.02529605750854591
2024-07-18,222.2547149658203,228.46096321097224,220.36112971273346,228.3023336745397,66034600,203.51516510009765,185.20510749816896,-0.020534850911770874
2024-07-19,222.38360595703125,224.8522270905052,221.36245288688534,222.88923571935766,49151500,204.35106567382812,185.45912948608398,0.000579924665403686
2024-07-22,222.03662109375,225.82380677595344,221.174082433242,225.06041535891617,48201800,205.17329345703126,185.71808212280274,-0.0015602987539841129
2024-07-23,223.0775909423828,224.9910238167192,220.76759935066607,222.44308791792702,39960300,205.98010437011717,185.9760182952881,0.00468827999410637
2024-07-24,216.6631622314453,222.86941075843336,215.26528287042115,222.07627816799848,61777600,206.68380859375,186.1957103729248,-0.02875424951399197
2024-07-25,215.6221923828125,218.95333716975932,212.77682977395946,217.04981289629316,51391200,207.3026480102539,186.39745887756348,-0.004804553934834699
2024-07-26,216.08815002441406,217.6050090608147,214.15488466672127,216.8217851678197,41601300,207.9080044555664,186.59413063049317,0.002160991113448585
2024-07-29,216.36575317382812,217.41664743865044,213.8971319294418,215.09674706599597,36311800,208.47350616455077,186.79515312194823,0.0012846754872153365
2024-07-30,216.92092895507812,218.43778796730905,214.2639371695869,217.3075789949067,41643800,209.0477325439453,186.99198951721192,0.0025659133809590173
2024-07-31,220.1727752685547,221.89783756706774,218.73523091700034,219.53827220377053,50036300,209.68640075683595,187.20059196472167,0.014990929317613144
2024-08-01,216.48471069335938,222.55214689360594,215.15622233135366,222.44309097566543,62501000,210.22810852050782,187.39993797302247,-0.016750774798095835
2024-08-02,217.97181701660156,223.6625266661827,215.8402875210575,217.26790792406092,105568600,210.77358306884764,187.6073614501953,0.006869336492536959
2024-08-05,207.4727783203125,211.66644653820467,194.31673780556494,197.38019703112641,119548600,211.1378286743164,187.7700417327881,-0.04816695497606194
2024-08-06,205.45030212402344,208.18660889381388,199.3432157724579,203.53688424769564,69660500,211.54133392333983,187.92907768249512,-0.009748152083675299
2024-08-07,208.01808166503906,211.8052677945223,204.61753049861642,205.12314519344287,63516400,211.93472686767578,188.1028286743164,0.01249830014591824
2024-08-08,211.47808837890625,212.36044444161047,207.0365669160157,211.27980900719393,47161100,212.39712127685547,188.3066185760498,0.016633201720601676
2024-08-09,214.3829345703125,214.91829038971974,210.1496011292121,210.27848952903548,42201600,212.9116647338867,188.52434013366698,0.013735920414608804
2024-08-12,215.91148376464844,217.87674748817912,213.99585104906322,214.46235526228747,38028100,213.43695098876952,188.74753219604492,0.007129994733021006
2024-08-13,219.6236572265625,220.2390393048837,217.380462936734,217.380462936734,44155300,214.0174447631836,189.00083869934082,0.01719303390995397
2024-08-14,220.07028198242188,221.37053243582614,218.06530765715263,218.9288446755302,41960600,214.5715768432617,189.2771654510498,0.002033591287475156
2024-08-15,223.0479736328125,223.67329096872731,221.10255033510867,222.9288713384501,46414000,215.17891845703124,189.5618138885498,0.013530639501013964
2024-08-16,224.36807250976562,225.14226768918678,221.98592068094572,222.25391598005478,44340200,215.7825228881836,189.8428419494629,0.005918452678374431
2024-08-19,224.20924377441406,224.30850577318623,221.3804434072076,224.04051049270504,40687800,216.41051177978517,190.12070587158203,-0.0007078936569491212
2024-08-20,224.82464599609375,225.47973889834265,223.7725353535306,224.0901616619868,30299000,217.00302276611328,190.38584671020507,0.0027447673937068817
2024-08-21,224.71546936035156,226.28371522001356,223.37552309496598,224.8345868015738,34765500,217.66810302734376,190.6326667022705,-0.0004856079512923772
2024-08-22,222.85939025878906,226.64103964823346,222.23407290784718,226.09512887719345,43695300,218.0178707885742,190.8747487640381,-0.008259685489591773
2024-08-23,225.15219116210938,226.52192810531062,222.66087229355688,223.98097823318813,38677300,218.29611145019533,191.11555595397948,0.010288105431222272
2024-08-26,225.48965454101562,225.58891654674125,222.22414052811973,225.0727813784282,30602200,218.55790252685546,191.3452621459961,0.0014988234276755996
2024-08-27,226.33334350585938,227.14724957253156,223.21670725505913,224.31844891527626,35934600,218.87126708984374,191.5739037322998,0.0037415861342333656
2024-08-28,224.8048095703125,228.149730282918,224.00082364270057,226.22416240429726,38052200,219.07117889404296,191.79727264404298,-0.006753463329221332
2024-08-29,228.0802459716797,231.18696212304621,227.1770283167567,228.3879521456165,51906300,219.38379089355467,192.01610549926758,0.014570134898927556
2024-08-30,227.29612731933594,228.68570457235603,225.78743262658827,228.4772755570311,52990800,219.77212829589843,192.2389281463623,-0.0034379069042266286
2024-09-03,221.11248779296875,227.2961293418145,219.52438650802387,226.84948058831634,50190600,220.0802166748047,192.41778030395508,-0.027205212861720174
2024-09-04,219.206787109375,220.12986023982222,215.86185105944423,220.01075793789536,43840200,220.33730255126954,192.58428604125976,-0.008618693148521261
2024-09-05,220.7253875732422,223.80231295165626,219.87178579311316,219.9809679444758,36615400,220.6063201904297,192.7499796295166,0.0069277073209847995
2024-09-06,219.17698669433594,223.56409767944487,218.13479623481732,222.28368749781316,48423000,220.7614880371094,192.90803024291992,-0.007015055657756841
2024-09-09,219.26632690429688,219.6236489368284,215.09757995493325,219.17700018247805,67180000,220.90158874511718,193.05782600402833,0.0004076167452997659
2024-09-10,218.47225952148438,219.83206111139577,215.1174037589381,217.29111136152258,51591000,221.09481048583984,193.20765617370606,-0.0036214743687437156
2024-09-11,221.00331115722656,221.4301044903715,216.26879790334314,219.81224273641337,44587100,221.2171060180664,193.36682914733888,0.011585231192673628
2024-09-12,221.11248779296875,221.8866830044339,218.1844402475294,220.84449248276735,37455600,221.27178955078125,193.5331729888916,0.0004940045249570701
2024-09-13,220.844482421875,222.37301734416337,220.25887596851652,221.91644846858938,36766600,221.2957321166992,193.699066696167,-0.001212077046253035
2024-09-16,214.71047973632812,215.60377723416104,212.32832783334672,214.92882889414335,59357400,221.1020181274414,193.83127464294432,-0.027775213662930454
2024-09-17,215.1769561767578,215.2861383219032,212.90400170360138,214.14470101422842,45519300,220.88828796386719,193.97090728759767,0.0021725834761421314
2024-09-18,219.04795837402344,221.05293280374121,215.92138686335736,215.9313221513165,59894900,220.73492584228515,194.1270273590088,0.017989854796931715
2024-09-19,227.16709899902344,228.11004268622213,222.95865620671253,223.31597824995185,66781300,220.6586849975586,194.31736526489257,0.037065584565443066
2024-09-20,226.5020751953125,231.3556905514529,225.92638886705737,228.2589097535001,318679900,220.67641387939454,194.51332679748535,-0.0029274653180026977
2024-09-23,224.7849578857422,227.74278104335218,224.12986496132828,225.64847983003366,54146000,220.60091094970704,194.68097610473632,-0.0075810224170778095
2024-09-24,225.67825317382812,227.64353192764617,224.05045616714196,226.94872814757065,43556100,220.4667367553711,194.8585302734375,0.0039739994014189595
2024-09-25,224.68568420410156,225.59883710649478,222.35317851779175,223.2563961324406,42308700,220.3043829345703,195.02148071289062,-0.004398159573497096
2024-09-26,225.82713317871094,226.7998372114188,223.73283210674714,225.60876888531146,36636700,220.2826382446289,195.18301895141602,0.0050802033901389265
2024-09-27,226.09510803222656,227.81224676693589,225.60876359989413,226.76013618443497,34026000,220.35944610595703,195.35840545654298,0.0011866370960107453
2024-09-30,231.266357421875,231.266357421875,227.9412771261621,228.3283747151782,54541900,220.53710113525392,195.55208389282225,0.022872009194074838
2024-10-01,224.52688598632812,227.9412778656533,222.07526286618742,227.81225543239978,63285000,220.58690643310547,195.6959969329834,-0.02914159893673063
2024-10-02,225.0926513671875,225.67825786117984,221.36063294746157,224.2092739820147,32880600,220.62720764160156,195.8419970703125,0.0025198112839539544
2024-10-03,223.9908905029297,225.12240767637772,221.65838486968212,223.46483520314058,34044200,220.77376220703124,195.98515823364258,-0.004894699394075497
2024-10-04,225.1124725341797,226.3035407723517,222.46234078203926,226.20427877531475,37245100,220.9635678100586,196.1422332763672,0.005007266271997546
2024-10-07,220.04052734375,224.01076551273388,219.68320530273118,222.8296172342201,39505400,221.0426153564453,196.2687574005127,-0.022530716016455288
2024-10-08,224.0901641845703,224.298593199742,221.58890998571715,222.63110049734397,31855700,221.19710357666017,196.42596168518065,0.018404049879838347
2024-10-09,227.8321075439453,228.04055170887608,223.1571606453159,223.554178398676,33591100,221.4153271484375,196.6026171875,0.01669838287187364
2024-10-10,227.3358154296875,227.7923994519787,225.47973405841245,226.0851959438118,28183500,221.55858795166014,196.78213066101074,-0.0021783238526293935
2024-10-11,225.85693359375,227.70309500312143,225.64848941975737,227.5939128444124,31759200,221.74603240966798,196.95696907043458,-0.006505274292756158
2024-10-14,229.5790252685547,230.00581860221664,226.89911753216435,226.99836439928595,39882100,221.97817657470702,197.1499235534668,0.016479864556647295
2024-10-15,232.1100311279297,235.72294688412148,230.64103225198252,231.87181141001133,64751400,222.47092163085938,197.35340713500977,0.01102455181353923
2024-10-16,230.05543518066406,230.3929017691756,228.12986736523644,229.87678174389526,34082200,222.96302429199218,197.55180892944335,-0.008851818843336523
2024-10-17,230.4226837158203,232.11004699556463,228.8048220166126,231.69315867439417,32993800,223.4111163330078,197.7861114501953,0.0015963480057223922
2024-10-18,233.25146484375,234.42267769537074,232.2688255608399,234.42267769537074,46431500,223.8465838623047,198.04143005371094,0.012276487203049857
2024-10-21,234.720458984375,235.08771628667242,232.7055644739604,232.7055644739604,36254500,224.25333435058593,198.31566268920898,0.006297898886118647
2024-10-22,234.10508728027344,234.4624093106695,230.86934872103873,232.14974382855843,38846600,224.61720642089844,198.5904274749756,-0.002621721629057161
2024-10-23,229.0430145263672,233.3904297884605,226.06533615950997,232.33831918874512,52287000,224.80559356689454,198.8182271575928,-0.021623078817787023
2024-10-24,228.85446166992188,229.10260155629064,226.710529416834,228.26884002769643,31109500,224.98127716064454,199.04716049194337,-0.0008232202882729744
2024-10-25,229.68820190429688,231.484732210271,227.86189602437614,228.03062932515897,38802300,225.11408172607423,199.27507125854493,0.003643102381711616
2024-10-28,231.66339111328125,232.98349712196287,230.81972458948547,231.58399967772363,36087100,225.25998809814453,199.51582458496094,0.008599436943685035
2024-10-29,231.93138122558594,232.5864741436605,230.59143496071306,231.36563017470797,35417200,225.41443084716798,199.75628623962402,0.0011568082078778907
2024-10-30,228.387939453125,231.7328600109945,227.8420287171323,230.87925826342104,47070900,225.48569671630858,199.99035247802735,-0.015277974691205953
2024-10-31,224.2291259765625,228.11995749798112,223.69313535160188,227.63359787833264,64370100,225.47596984863281,200.20832153320313,-0.01820942684854887
2024-11-01,221.25144958496094,223.67329727363756,218.63109301833273,219.32588166379162,65276700,225.44381103515624,200.3819850921631,-0.013279614673754714
2024-11-04,220.35813903808594,221.13233427123137,218.07526420177624,219.34573920720757,44944500,225.34792999267577,200.5366961669922,-0.004037535340675635
2024-11-05,221.78741455078125,222.28369429475046,219.49460455688452,220.14969745378525,28111300,225.2738851928711,200.68703407287597,0.0064861480448801245
2024-11-06,221.0628662109375,224.3879467919736,219.54425129715867,220.95368405362794,54561100,225.16847564697267,200.8273713684082,-0.003266859579526993
2024-11-07,225.7874298095703,226.18446269494834,222.89909318788202,222.95864433437472,42137700,225.18812805175781,200.99469352722167,0.021372036288196172
2024-11-08,225.51914978027344,227.20835428792034,224.9726384261151,225.72780810336752,38328800,225.13690612792968,201.16230575561522,-0.0011881973656511224
2024-11-11,222.80648803710938,224.26715706282306,220.093823487321,223.5716039938927,42005600,225.04711334228514,201.32500679016113,-0.012028520619233651
2024-11-12,222.80648803710938,224.1578547832826,221.94201602014732,223.12446381828886,40398300,225.08099334716798,201.49111915588378,0.0
2024-11-13,223.69082641601562,225.2111120360391,221.34580821096,222.58787261698694,48566200,225.1706741333008,201.67989669799806,0.0039690871962352325
2024-11-14,226.77114868164062,227.41701609796436,223.57158960851197,223.59146688403666,44923900,225.29158935546874,201.90207214355468,0.013770445194280168
2024-11-15,223.57159423828125,225.47940335635096,222.8462328667566,224.96270031544069,47923700,225.37948150634764,202.09608741760255,-0.01410917774135001
2024-11-18,226.57240295410156,228.28148462394066,223.7404903183321,223.81998425203597,44633700,225.52560302734375,202.31010025024415,0.013422137664868439
2024-11-19,226.8307647705078,228.6988344551977,225.22105418122663,225.53901477922054,36211800,225.69277313232422,202.51635734558104,0.0011403057611503176
2024-11-20,227.5461883544922,228.47027695087482,224.45593165289552,226.61215353970658,35169600,225.82363067626954,202.71818222045897,0.00315399714279585
2024-11-21,227.06924438476562,228.69883223369175,224.2770861035494,227.42695953023323,42108300,225.94276580810546,202.91707847595214,-0.0020960314614610898
2024-11-22,228.41067504882812,229.25528492407807,226.61216818417898,226.61216818417898,38168300,226.09408966064453,203.12807083129883,0.005907584127903487
2024-11-25,231.39161682128906,231.7692092379923,228.28149797848934,229.99057974831032,90152800,226.42771240234376,203.35015625,0.013050798837767497
2024-11-26,233.56773376464844,234.07450576495518,231.8487208075284,231.8487208075284,45986200,226.79552795410157,203.5915379333496,0.009404476157146346
2024-11-27,233.43853759765625,234.1937224347506,232.32565277909848,232.9814664022851,33498400,227.08333953857422,203.84271881103516,-0.00055314218667879
2024-11-29,235.8233184814453,236.3002669685808,232.48464874765904,233.31931239062584,28481400,227.25646392822264,204.1102293395996,0.010215883411244464
2024-12-02,238.0689697265625,239.26134854667043,235.65440375298792,235.76370602927642,48137100,227.48780181884766,204.3904037475586,0.00952260047724618
2024-12-03,241.10952758789062,241.21882985808793,237.3833345065081,238.28756099978403,38861000,227.81429321289062,204.69345390319825,0.012771752088566624
2024-12-04,241.46726989746094,242.56029272240895,239.7184485394643,241.32815927991484,44383900,228.13007354736328,205.00200553894044,0.0014837336091577669
2024-12-05,241.49705505371094,242.98753231090083,240.59284370740727,242.4410361127995,40033900,228.46630096435547,205.30694374084473,0.00012335069785085473
2024-12-06,241.29830932617188,243.07695387436263,240.5431396985891,241.36787220390693,36870600,228.7757244873047,205.60074005126953,-0.0008229737107761093
2024-12-09,245.18350219726562,245.67039687977774,240.21524480725012,240.29473874492055,44649200,229.15749237060547,205.92312042236327,0.016101202208764764
2024-12-10,246.197021484375,246.63423054379348,243.78244060146582,245.32260336553807,36914800,229.45610565185547,206.25730102539063,0.004133717309796614
2024-12-11,244.92515563964844,249.2077910379196,244.69660488558225,246.38582450957213,45205800,229.86407104492187,206.5778451538086,-0.00516604887036487
2024-12-12,246.38583374023438,247.1608807008323,244.12029436088807,245.32261935264157,32777500,230.28993469238281,206.9116827392578,0.005963773287277263
2024-12-13,246.55474853515625,247.70737273801882,244.67674782957272,246.24671899982582,33155300,230.74121185302735,207.24968154907228,0.0006855702389934049
2024-12-16,249.44627380371094,249.7841268474892,246.07779571830554,246.4156487620838,51694800,231.22788787841796,207.6075337982178,0.011727720864164848
2024-12-17,251.8707733154297,252.21855739876366,248.19426586582333,248.49236434269267,51356400,231.86449279785157,208.0000821685791,0.00971952587123659
2024-12-18,246.47525024414062,252.66569465886903,246.16722071424974,250.559158393614,56774100,232.31219451904298,208.3903057861328,-0.02142179102508246
2024-12-19,248.20419311523438,250.400169527173,245.5213371883983,245.92873792847348,60882300,232.71963623046875,208.7941242980957,0.007014671328586575
2024-12-20,252.8743896484375,253.3811464831127,244.13025293349912,246.4653249902114,147495300,233.23040771484375,209.22188789367675,0.0188159453496215
2024-12-23,253.6494140625,254.02699130961165,251.84096111600803,253.15258832932108,40858800,233.78625732421875,209.64496253967286,0.003064859257357
2024-12-24,256.5608215332031,256.5707374276886,253.66927695641888,253.868019379837,23234700,234.32589324951172,210.0725944519043,0.011478076862364572
2024-12-26,257.3755798339844,258.44874034869076,255.99442012888886,256.55086249805703,27237100,234.83120422363282,210.50192405700685,0.0031756925937183045
2024-12-27,253.96739196777344,257.05766400729357,251.45345479939442,256.19316170058187,42355300,235.309443359375,210.92460845947267,-0.013242079409434782
2024-12-30,250.59890747070312,251.890657464443,249.15811581542044,250.6287158030117,35557500,235.71296783447266,211.32119331359863,-0.013263452725055913
2024-12-31,248.8302001953125,251.6720440162376,247.84647977817443,250.83738041728796,39480700,236.0245425415039,211.71081581115723,-0.007057920935259476
2025-01-02,242.3019256591797,247.51859606258614,240.28481431614935,247.34966196417784,55740700,236.176171875,212.06235145568849,-0.02623586096466035
2025-01-03,241.81504821777344,242.629834626151,240.35437918764114,241.81504821777344,40244100,236.33037109375,212.39976997375487,-0.002009383293515743
2025-01-06,243.44461059570312,245.75982034447205,241.65603491404494,242.75898865424097,45045600,236.61840301513672,212.73251487731935,0.006738879114182028
2025-01-07,240.67233276367188,243.99112508347835,239.81779188041267,241.43743349025635,40856000,236.85476043701172,213.08753593444825,-0.011387714951863415
2025-01-08,241.15919494628906,242.16279257722746,238.52602476613023,240.3841480569624,37628900,237.08418029785156,213.44048645019532,0.002022925431546252
2025-01-10,235.3463592529297,238.63534322792128,231.52079498772144,238.48628640867517,61710900,237.15783966064453,213.77145179748535,-0.024103728222571008
2025-01-13,232.91189575195312,233.180185891021,228.26161420500546,232.04742383507855,49630700,237.17744995117187,214.09588829040527,-0.010344173195219075
2025-01-14,231.79901123046875,234.62097773623856,230.9941559742804,233.2596800887061,39435300,237.24567138671875,214.39693908691407,-0.004778135173780784
2025-01-15,236.35987854003906,237.4429702030776,232.94171493841435,233.1503884256181,39832000,237.48828643798828,214.7298533630371,0.019675956706457276
2025-01-16,226.81088256835938,236.49898454969573,226.58234697208553,235.84318609247865,71759100,237.59947509765624,215.0222004699707,-0.04040024064431946
2025-01-17,228.51995849609375,230.81529094249188,227.0294813062853,230.64637201374376,68488300,237.7627114868164,215.32898399353027,0.007535246582444088
2025-01-21,221.2265625,222.99526090225285,217.98726416864307,222.57792910461188,98070400,237.75149444580077,215.59529075622558,-0.03191579433189162
2025-01-22,222.40899658203125,222.69714881925015,218.39463640105285,218.39463640105285,64126500,237.77841705322265,215.87161849975587,0.005344901031182792
2025-01-23,222.24012756347656,225.58872871016843,220.8887607380179,223.3132731450397,60234800,237.7074710083008,216.14333953857422,-0.0007592724266997086
2025-01-24,221.3656768798828,224.19758968028435,220.00437919561992,223.35297985225768,54697900,237.62440155029296,216.41628227233886,-0.003934711040624261
2025-01-27,228.40074157714844,230.67619691244207,222.55806572164707,222.59782027357136,94863400,237.73628662109374,216.7183609008789,0.031780286792531864
2025-01-28,236.74740600585938,238.66516132615985,229.3447052045828,229.3844597561093,75707600,238.01510498046875,217.071529006958,0.0365439462721342
2025-01-29,237.84043884277344,238.33726462451705,232.52439691334908,232.63369919180946,45486100,238.2980972290039,217.39422264099122,0.004616873550399081
2025-01-30,236.08164978027344,239.26133146080375,235.7040725307193,237.1547951903121,55658300,238.48430725097657,217.70064735412598,-0.007394827688081529
2025-01-31,234.5017547607422,245.62071750771995,231.95800933839706,245.62071750771995,100959800,238.70291046142577,218.01828102111816,-0.0066921551124439205
2025-02-03,226.56246948242188,230.35822543026035,224.2671369795404,228.52991033796462,73063300,238.7027117919922,218.31260398864745,-0.033855973855805965
2025-02-04,231.32208251953125,231.64998934854387,225.21111642561868,225.80731341689966,45067300,238.79253814697265,218.63755645751954,0.02100795002801048
2025-02-05,230.99417114257812,231.19289841511937,226.82083777153602,227.0791817096477,39620300,238.86149780273436,218.9656216430664,-0.0014175532806101065
2025-02-06,231.73941040039062,232.31573010563136,228.96711414866223,229.8216550685821,29925300,238.95490112304688,219.30751174926758,0.0032262253810400043
2025-02-07,226.1848907470703,232.51444580894437,225.81722939017394,231.1233398047693,39707200,238.9103854370117,219.61747100830078,-0.023968817577137314
2025-02-10,226.45346069335938,229.378010419489,226.00582893863492,228.36338248973718,33115600,238.81162231445313,219.92352569580078,0.0011873911886952637
2025-02-11,231.39735412597656,233.99363668198936,226.93096309298542,227.00058728303875,53718400,238.7682147216797,220.24380516052247,0.021831829893347088
2025-02-12,235.62501525878906,235.71455375787428,229.4675472393098,229.98481838871234,45243300,238.81194427490234,220.58091606140135,0.01827013601249261
2025-02-13,240.26052856445312,241.06626881430705,234.33186254170715,235.66481592241834,53614100,238.9006884765625,220.94412536621093,0.019673264744716645
2025-02-14,243.3143768310547,244.25938055012708,239.7233505557091,239.9819785190441,40896200,239.00559661865233,221.3018123626709,0.012710570000191712
2025-02-18,243.18507385253906,243.8913336127375,240.56889220053384,242.86674847770814,48822500,239.04710754394532,221.6745453643799,-0.0005314235032046755
2025-02-19,243.5829620361328,244.716969605811,241.88195827091008,243.37407429304395,32204200,239.08942138671875,222.05436683654784,0.0016361538037281687
2025-02-20,244.5379180908203,245.4829218502696,243.00600383864503,243.65259654249155,32316900,239.15023864746092,222.42049812316895,0.003920455054429617
2025-02-21,244.2593994140625,247.38289505871285,243.93113206298463,244.65729095432025,53197400,239.20946044921874,222.73400077819824,-0.00113895905768846
2025-02-24,245.80125427246094,247.55199828948733,243.1353323966777,243.64264638435856,51326400,239.22181549072266,223.06347976684572,0.0063123665336812795
2025-02-25,245.74154663085938,248.68599549611233,243.62275227067275,246.69650753214344,48013300,239.21270599365235,223.38924461364746,-0.00024291023973121995
2025-02-26,239.09666442871094,243.6923767743236,237.87313357927937,243.04579925662603,44433600,239.0961361694336,223.68010177612305,-0.027040125258632197
2025-02-27,236.05276489257812,241.18564780716906,235.81402085750776,238.1516754344793,41153600,238.88947479248046,223.9466803741455,-0.012730832290805072
2025-02-28,240.56887817382812,240.8175641664438,228.9900589647863,235.70458076540925,56833400,238.7697573852539,224.24213500976563,0.019131795737724833
2025-03-03,236.77891540527344,242.74737946323825,234.8690087281554,240.51914741730602,47184000,238.51641021728517,224.5026284790039,-0.01575416902354332
2025-03-04,234.68994140625,238.80819608105105,233.44651142335266,236.46059966619734,53798100,238.17279357910155,224.74697654724122,-0.008822466288638586
2025-03-05,234.50096130371094,235.30670153327668,228.0251680036218,234.18263593082168,47227600,237.93330780029297,224.97902801513672,-0.0008052330722259082
2025-03-06,234.0930938720703,236.60979483297604,231.9345013377031,233.20777237015392,45170400,237.6510858154297,225.2084454345703,-0.0017392996146927686
2025-03-07,237.81346130371094,240.10136041796665,233.5261018066448,233.87426828677374,46273600,237.34986724853516,225.45631591796874,0.015892683419673093
2025-03-10,226.28436279296875,234.91874867921032,223.04150278970278,234.3019970725287,72071200,236.80256622314454,225.64074111938476,-0.04847958752014636
2025-03-11,219.6792755126953,224.65299583409444,216.3070937419303,222.63366659789358,76137400,236.06493530273437,225.78564704895018,-0.029189322667941164
2025-03-12,215.83953857421875,220.58447147788527,213.7804264853068,218.9829331071368,62547500,235.23421447753907,225.91854225158693,-0.017478831034539954
2025-03-13,208.5779266357422,215.70029772842102,207.3245545879158,214.81497612462363,61368300,234.32642517089843,226.03505668640136,-0.03364356682026348
2025-03-14,212.36790466308594,212.8254784087618,208.4784519318959,210.13967261110687,60107600,233.5618051147461,226.1551540374756,0.018170561422649945
2025-03-17,212.87522888183594,214.08881784956162,208.86641153353526,212.18885305172668,48073400,232.84270568847657,226.27773834228515,0.002388893084173116
2025-03-18,211.5720977783203,214.01915944879542,210.37840804794794,213.03437263106773,42432400,232.22810913085937,226.39232002258302,-0.006121572295473499
2025-03-19,214.1086883544922,217.61017604964766,212.62651443867486,213.0940452987452,54385400,231.67398193359375,226.51462760925293,0.011989249068323105
2025-03-20,212.97470092773438,216.3468825511506,211.10457731145533,212.86527847830126,48862900,231.06458374023438,226.6265062713623,-0.005296316723403138
2025-03-21,217.12277221679688,217.68976839110027,210.16950634984832,210.4480334492585,94127800,230.59359252929687,226.75030174255372,0.019476826454002172
2025-03-24,219.56983947753906,220.3158974796034,217.4311459430569,219.8384246082871,44299500,230.16180541992188,226.8847464752197,0.011270431174758455
2025-03-25,222.573974609375,222.92214108802088,218.92326587520165,219.6096416779903,34493600,229.9063577270508,227.02667709350587,0.013681911591246765
2025-03-26,220.36563110351562,223.83729303324841,219.31120492080973,222.3352199198642,34466100,229.65543243408203,227.16445625305175,-0.00992184063628776
2025-03-27,222.67344665527344,223.80745418869535,219.40073045135125,220.22636977863218,37094800,229.47292114257812,227.30182800292968,0.010472665543175053
2025-03-28,216.7547149658203,222.6336557419088,216.5358700680628,220.504904155295,39818600,229.08081787109376,227.42829429626465,-0.026580320996315576
2025-03-31,220.96249389648438,224.43414081005062,215.09349507460487,215.86939419548492,65299300,228.96385009765626,227.50625175476074,0.019412629300024964
2025-04-01,222.0169219970703,222.50433685640354,217.749461617725,218.65468232589998,36412700,228.8337893676758,227.56013557434082,0.004771977732473953
2025-04-02,222.7132568359375,224.006427206847,219.85834611462542,220.15677238154151,35905900,228.86352325439452,227.61170135498048,0.0031364043452344337
2025-04-03,202.12205505371094,206.39945769712665,200.19224908119847,204.45969456936825,103419000,228.45778442382812,227.5689860534668,-0.09245611183978664
2025-04-04,187.38987731933594,198.82943318150367,186.3553350717911,192.87091122900438,125910900,227.7607794189453,227.43188934326173,-0.07288753189482533
2025-04-07,180.5062713623047,193.12956126210946,173.70221017135344,176.26865177501736,160466300,226.94359130859374,227.27217247009278,-0.03673413983456919
2025-04-08,171.51376342773438,189.33957458197378,168.32064359895526,185.71870692843436,120859500,225.80585174560548,227.0903450012207,-0.04981825765222814
2025-04-09,197.80484008789062,199.55558397169528,170.9865365771085,171.04621878540135,184395900,225.0270004272461,227.05082885742186,0.15328843665210412
2025-04-10,189.4191436767578,193.7562279640405,182.03814529024513,188.07624843340898,121880000,224.05857452392578,226.966162109375,-0.042393787772871505
2025-04-11,197.1085205078125,198.49121408156802,185.0820690088969,185.12186726950821,87435900,223.27911193847658,226.9153321838379,0.04059450740721626
2025-04-14,201.45555114746094,211.82078139531484,200.10269875392328,210.32866545443895,101352900,222.61818786621095,226.86551696777343,0.022053996592583225
2025-04-15,201.07754516601562,202.44033954558066,198.74984792281177,200.7990180691496,51343900,222.10848937988283,226.80959823608399,-0.0018763741147476143
2025-04-16,193.2489013671875,199.64509734735063,191.35887885331948,197.31740026825653,59732400,221.34702575683593,226.73178688049316,-0.0389334562064827
2025-04-17,195.94468688964844,197.7849695303218,193.39814444403507,196.16353180406117,52164700,220.64603607177733,226.63706764221192,0.013949810339872304
2025-04-21,192.14474487304688,192.78138039340035,188.81234657174457,192.25416731460396,46742500,219.85414276123046,226.50589981079102,-0.01939293214284299
2025-04-22,198.690185546875,200.53045296496776,194.93999616163734,195.0892017003565,52976400,219.30424865722657,226.4011139678955,0.0340651558186138
2025-04-23,203.52462768554688,206.9067512010516,201.7340854567431,204.9172632087338,52929200,218.84567199707033,226.29675621032715,0.024331559837067696
2025-04-24,207.27479553222656,207.73238443559362,201.87334307751462,203.81309077731203,47311000,218.3632208251953,226.20381286621094,0.018426113288234847
2025-04-25,208.18003845214844,208.6475693809006,205.11622488486222,205.28532955589748,38222300,217.8143212890625,226.11113273620606,0.0043673564728285985
2025-04-28,209.03549194335938,210.38834431536768,206.36958545714222,208.8962283982374,38743100,217.18982055664063,226.00141448974608,0.004109200370848942
2025-04-29,210.0998992919922,211.12448445804597,207.27481462988695,207.59314001435672,36827600,216.52553100585936,225.9238358306885,0.0050919934157460656
2025-04-30,211.3831024169922,212.4574277707069,205.5837430092506,208.19992461631293,52286500,215.88949157714845,225.83795082092286,0.006107585626286438
2025-05-01,212.1987762451172,213.4322489680501,207.8019948455802,207.981056640624,57365700,215.26180786132812,225.7370098876953,0.003858746601778762
2025-05-02,204.2707061767578,205.9020858869881,201.09747008207196,205.00680709347017,101010600,214.4564636230469,225.5943465423584,-0.037361525870448054
2025-05-05,197.8446502685547,203.0272736250085,197.1682315771274,202.03252954096354,69018500,213.52816864013673,225.44899795532226,-0.031458528873163916
2025-05-06,197.4666290283203,199.59538061408486,195.98447015970467,197.1682179665783,51216500,212.5614761352539,225.32505752563478,-0.001910697305796516
2025-05-07,195.21852111816406,198.3917570874617,192.23428894820486,198.12317194216024,68536700,211.551015625,225.18923210144044,-0.011384748507727971
2025-05-08,196.45199584960938,198.99853803284546,193.65675249053749,196.68078271707188,50478900,210.69812225341798,225.06130897521973,0.006318430876231851
2025-05-09,197.48655700683594,199.48598730552325,196.50175482346327,197.95408797664598,36453900,209.92679809570313,224.933353805542,0.00526622879422689
2025-05-12,209.95704650878906,210.435160708662,205.93301745006437,210.13634313336473,63775800,209.31456146240234,224.8998232269287,0.06314601708065348
2025-05-13,212.08859252929688,212.55673652410627,208.17412935394688,209.59847136477597,51909300,208.8207550048828,224.88215522766114,0.010152295700247338
2025-05-14,211.490966796875,213.09460539099953,209.7478820292828,211.5905625216416,49325800,208.35677551269532,224.85916931152343,-0.0028178117705190964
2025-05-15,210.61444091796875,212.11848379882832,208.71198473801002,210.11641669484823,45029500,207.87904510498046,224.83041275024414,-0.0041445074093784395
2025-05-16,210.42520141601562,211.73003772257164,208.94109887256835,211.52086084946143,54737900,207.40568725585936,224.79793411254883,-0.0008985115224213747
2025-05-19,207.9550018310547,208.65223273202483,203.45285841572866,207.0884445111699,46140500,206.80851806640624,224.73684524536134,-0.011739086232724016
2025-05-20,206.04258728027344,207.64622592622177,204.2198167548668,206.84938410987283,42496600,206.40368255615235,224.6846346282959,-0.009196290225973569
2025-05-21,201.29141235351562,206.2218487675542,199.9168759316908,204.359243170771,59211800,206.03592529296876,224.60123260498048,-0.023059188828253863
2025-05-22,200.5643310546875,201.94883789272,198.91088686006037,199.91690559460176,46742400,205.73042114257814,224.56669036865233,-0.003612083050772208
2025-05-23,194.49838256835938,196.91877297523902,192.6955373289648,192.9046989896,78432900,205.44883026123046,224.51193077087402,-0.030244403151994836
2025-05-27,199.4188690185547,199.94677348688452,196.64984031499387,197.51641281084125,56288500,205.18984954833985,224.4689347076416,0.025298341226390075
2025-05-28,199.62802124023438,201.92889064401075,199.1100718095576,199.79734764673603,45339700,204.9249053955078,224.40968437194823,0.001048808584207972
2025-05-29,199.15988159179688,203.0046291598645,197.72556941325453,202.77554227533128,51396800,204.67666107177735,224.33356910705567,-0.0023450598043754933
2025-05-30,200.05633544921875,201.1619498266407,196.00241099917397,198.5821728136608,70819900,204.3956140136719,224.2542933654785,0.0045011768949494435
2025-06-02,200.90296936035156,201.33127809714276,199.32921098525782,199.488582384924,35423300,204.15417938232423,224.16068992614746,0.004231977503895257
2025-06-03,202.46678161621094,202.96480586317466,200.16591202699755,200.55437033168948,46381600,203.8610595703125,224.0726724243164,0.007783918081640806
2025-06-04,202.0185546875,205.42503857555045,201.30139858491114,202.10819540070028,43604000,203.51003387451172,223.96752532958985,-0.0022138294743113685
2025-06-05,199.8372039794922,203.94091870107042,199.35908978394463,202.69585814733983,55126100,203.05529846191405,223.84487098693847,-0.010797774052893838
2025-06-06,203.11419677734375,204.8871617909174,201.2515910514923,202.19783403313102,46607700,202.71026977539063,223.7393957519531,0.01639831188885066
2025-06-09,200.65396118164062,205.18598475848052,199.22961916524454,203.58234611432158,72862600,202.26988006591796,223.61854232788085,-0.012112573294913775
2025-06-10,201.869140625,203.54250994980842,199.77744796710627,199.8073282051838,54672600,201.97216857910155,223.5043106842041,0.006056094961710334
2025-06-11,197.9945068359375,203.69190510411792,197.62597377823997,202.69585666840098,60989900,201.51280883789062,223.37998626708983,-0.019193789486923962
2025-06-12,198.41285705566406,198.890956077424,196.58013147350607,198.29333609984755,43904600,201.0407275390625,223.24628959655763,0.0021129385173963566
2025-06-13,195.67372131347656,199.57822954037988,194.92668495173118,198.94075911963023,51447300,200.49993682861327,223.09720993041992,-0.013805233102505254
2025-06-16,197.63592529296875,197.90486262143017,195.78327462738756,196.52035592822918,43020700,200.41021423339845,222.95372283935546,0.010027938173407858
2025-06-17,194.86691284179688,197.60604600468164,194.43861931524052,196.42074594971083,38856200,200.55975494384765,222.8040333557129,-0.014010673651904004
2025-06-18,195.80320739746094,196.7893008408277,194.2991796996429,195.16573699325735,45394700,200.86569366455078,222.6426481628418,0.004804789802485221
2025-06-20,200.20574951171875,200.90298042554332,196.08210930882012,197.45666110928434,96813500,201.43953338623047,222.50719627380371,0.022484525012509637
2025-06-23,200.70376586914062,201.50060768152076,198.17380945321412,200.83325703321927,55814300,201.49751190185546,222.40515266418458,0.0024875227541492073
2025-06-24,199.50851440429688,202.63610603642124,199.4089034764897,201.78945874554142,54064000,201.69929931640624,222.3066613006592,-0.005955301634066323
2025-06-25,200.76353454589844,202.8651975026319,199.82724651799433,200.65396860223956,39525700,201.77239959716798,222.20685203552247,0.006290559304443111
2025-06-26,200.20574951171875,201.8392684520338,198.67184150130464,200.63404307360597,50799100,201.74740356445312,222.11199584960937,-0.0027783184602787614
2025-06-27,200.28541564941406,202.41695863400855,199.20968154525062,201.09221242791352,73188600,201.7315609741211,222.01709129333497,0.0003979213278819671
2025-06-30,204.3592529296875,206.57048164253425,198.4726031076903,201.211736268348,91912800,201.9537680053711,221.94652626037598,0.02034015940234224
2025-07-01,206.99879455566406,209.35942450018746,205.3254252695324,205.85332972802502,78788900,202.1748501586914,221.87650367736816,0.01291618357444646
2025-07-02,211.6005401611328,212.49697770796604,207.31752868499885,208.08449026524102,67941800,202.56396606445313,221.82894393920898,0.02223078455769123
2025-07-03,212.70616149902344,213.80180573654258,210.97303162710094,211.31168447150716,34955800,202.8442855834961,221.78825233459472,0.005225040243511225
2025-07-07,209.12037658691406,215.37555986284275,207.97492690746134,211.83958469799765,50229000,202.95620056152345,221.76030181884767,-0.016857926854769723
2025-07-08,209.18011474609375,210.59450162142676,207.6262817055446,209.26977065111936,42848900,202.9943069458008,221.73031761169435,0.0002856639805011163
2025-07-09,210.3056640625,210.49491569520316,206.40115605631001,208.70202548866368,48749400,203.0368194580078,221.68660614013672,0.005380766320796981
2025-07-10,211.57066345214844,212.63642743345136,209.2000631819418,209.67816220166208,44443600,203.0875228881836,221.60862396240233,0.00601505145040937
2025-07-11,210.32559204101562,211.29176024279,209.03072603053,209.73792710960444,39765800,203.09203674316407,221.52774154663086,-0.005884896283904761
2025-07-14,207.7956085205078,210.07656782568804,206.719874444485,209.10042946873696,38840100,203.02028686523437,221.4427947998047,-0.012028890521389557
2025-07-15,208.28369140625,211.05270487364396,208.09443976951917,208.39325734338402,42296300,202.94198516845702,221.3558219909668,0.0023488604461725515
2025-07-16,209.3295440673828,211.5606828488181,207.8155461810567,209.4689902412225,47490500,203.04316192626953,221.2790412902832,0.005021289252517214
2025-07-17,209.1901092529297,210.9630743588066,208.7618004967043,209.7379389650813,48068100,203.27007110595704,221.1958561706543,-0.0006661019354642361
2025-07-18,210.3455047607422,210.95309492429405,208.87135730762196,210.0367321724359,48974600,203.52764862060548,221.1171081542969,0.005523184207602894
2025-07-21,211.640380859375,214.92734394651046,210.79374875413163,211.26189276464606,51377400,203.85608581542968,221.01897827148437,0.00615594851958301
2025-07-22,213.5527801513672,214.1006098348481,211.39135685335447,212.29776458434165,46404100,204.19810150146483,220.96410774230958,0.009036079429770583
2025-07-23,213.3037872314453,214.29983576430007,211.5706725113145,214.15043456376964,46989300,204.51444610595703,220.90516342163085,-0.001165954944465697
2025-07-24,212.91529846191406,214.8376797586153,212.68621158769832,213.05474462863134,46022600,204.57361114501953,220.84978546142577,-0.001821293351485176
2025-07-25,213.03485107421875,214.38947759784276,212.5567368669443,213.85160291428238,40268800,204.59253631591798,220.78939735412598,0.0005615031572101525
2025-07-28,213.20419311523438,214.00103498726418,212.21809958876685,213.18426788884761,37858000,204.62680084228515,220.7552156829834,0.000794902994330382
2025-07-29,210.43515014648438,213.96115480223384,209.9869314052821,213.33363944545516,51411700,204.62321502685546,220.68694061279297,-0.012987750983177726
2025-07-30,208.2239227294922,211.55072076453234,206.89917652304968,211.06265157316113,45512500,204.579189453125,220.58889968872072,-0.010507880529716407
2025-07-31,206.74978637695312,209.01080544085684,206.3414028602417,207.66614913739534,80698400,204.55508514404298,220.48596954345703,-0.007079572477626139
2025-08-01,201.58030700683594,212.7360475386617,200.7037794341265,210.03674932642843,104434500,204.46583953857422,220.36458641052246,-0.02500355362250295
2025-08-04,202.5464630126953,207.0585613783641,200.88304868853191,203.70186769022786,75109300,204.4909405517578,220.22942359924318,0.004792908693340925
2025-08-05,202.1181640625,204.5285996595603,201.36117265797924,202.59626309701343,44155100,204.52201721191406,220.079464263916,-0.002114571362169193
2025-08-06,212.4073486328125,214.5289368613384,204.77761325937152,204.81746371165528,108483100,204.88019653320313,219.99122383117677,0.050906778309795175
2025-08-07,219.16053771972656,219.97730473834642,215.7241736307253,218.01508808955717,90224800,205.27502990722655,219.9349131011963,0.031793575553679565
2025-08-08,228.4437255859375,230.08719950298993,218.38362983130105,219.95738825778145,113854000,205.85134399414062,219.91087440490722,0.04235793525056386
2025-08-11,226.53909301757812,228.91238364576833,224.12592192869855,227.27701087414155,61806100,206.39892822265625,219.86996757507325,-0.00833742561094275
2025-08-12,229.00213623046875,230.14890113463383,226.42942796921326,227.36676338645532,55626200,206.97784423828125,219.84445281982423,0.010872486422021321
2025-08-13,232.6717529296875,234.33703985510917,229.77992501054072,230.4181341091737,69878500,207.61321990966798,219.86259651184082,0.01602437758714026
2025-08-14,232.12330627441406,234.4567012802976,230.19875827485632,233.39969406647393,51916300,208.20635040283204,219.87894073486328,-0.0023571690519698096
2025-08-15,230.93666076660156,233.61907447658757,228.69300821277216,233.3398655982593,56038700,208.78471252441406,219.8851830291748,-0.005112134265439328
2025-08-18,230.23863220214844,232.46233685580373,229.46083388892833,231.04634466466607,37476200,209.39274108886718,219.87805923461914,-0.0030225974608621975
2025-08-19,229.90956115722656,232.2130419457167,228.70298322789472,230.62753117126795,39402600,209.92864837646485,219.86795013427735,-0.0014292607707683258
2025-08-20,225.3723907470703,229.81981519856654,225.13307755654054,229.33119207499826,42263900,210.42301696777344,219.85287239074708,-0.019734587754066668
2025-08-21,224.26551818847656,225.88095827873425,223.14868274098328,225.63166356522294,30621200,210.87094451904298,219.85305435180663,-0.004911305040181113
2025-08-22,227.11746215820312,228.44371192910324,224.77410085849388,225.53195134940427,42477800,211.45340362548828,219.88238441467286,0.01271681885277487
2025-08-25,226.5191650390625,228.65312729963858,225.59178073979155,225.84107546750252,30983100,212.01552978515625,219.91318954467772,-0.0026343069945183872
2025-08-26,228.6630859375,228.84258604761433,224.05612439304167,226.22996704217394,54575100,212.67531707763672,219.94756790161134,0.00946463359101557
2025-08-27,229.83978271484375,230.24861452224957,227.61606269083353,227.96508141122786,31259500,213.31939422607422,219.99145248413086,0.005145984855926322
2025-08-28,231.90391540527344,232.7515235304584,228.692998228932,230.16883391080088,38074700,214.06013427734376,220.02203491210938,0.008980745918084176
2025-08-29,231.485107421875,232.7216147258446,230.71727541448905,231.85405874294378,39418400,214.77377227783202,220.0518647003174,-0.001805954775134011
2025-09-02,229.07192993164062,230.19874691737337,226.3296880547272,228.60325464814514,44075600,215.35109588623047,220.08319190979003,-0.010424763463666054
2025-09-03,237.79725646972656,238.17618932549604,233.69885053091846,236.5408165177042,66427800,216.09296569824218,220.15814575195313,0.03808989840304622
2025-09-04,239.10353088378906,239.22318747047024,236.07211403385233,237.7772812570227,47549400,216.88486602783203,220.235209274292,0.005493227438596593
2025-09-05,239.01380920410156,240.63921565449175,237.8171975861315,239.3229322237051,54870400,217.6498715209961,220.2964225769043,-0.0003752419688486386
2025-09-08,237.20892333984375,239.47250850410185,235.6732593017711,238.62491556233425,48999500,218.38993499755858,220.3646092224121,-0.007551387387481734
2025-09-09,233.6888885498047,238.10638391026913,232.70167593051625,236.33140663047269,66313900,219.05800445556642,220.40019165039064,-0.01483938605882873
2025-09-10,226.1501922607422,231.76431424305812,225.31256565050364,231.53496736029473,83440800,219.4938232421875,220.39678878784179,-0.03225954103271722
2025-09-11,229.38107299804688,229.7998863317909,226.01060327291316,226.23996538709508,50208600,219.94146881103515,220.40596321105957,0.01428643816309294
2025-09-12,233.40968322753906,233.84842918261825,228.373926506362,228.57335925244223,55824200,220.37765167236327,220.43766540527344,0.017562958341931223
2025-09-15,236.03224182128906,237.5180438551372,234.36695488957946,236.33139853346725,42699500,220.8441732788086,220.47577323913575,0.01123586030144863
2025-09-16,237.4781494140625,240.53949594661788,235.65332541334,236.51088466190768,63421100,221.41132873535156,220.50620590209962,0.006125890181851501
2025-09-17,238.3157958984375,239.42266510979977,237.05934071942244,238.2958480596019,46508000,221.99404235839845,220.52994621276855,0.003527257082143187
2025-09-18,237.20892333984375,240.51954939992544,235.98238232851827,239.29302360434258,44249600,222.5321075439453,220.5487981414795,-0.004644562289381149
2025-09-19,244.8074188232422,245.60516498271895,239.53234916144805,240.5494606794321,163741300,223.19684265136718,220.59371864318848,0.032032924294809195
2025-09-22,255.35755920410156,255.9160073848096,247.42002368458668,247.5995237986898,105517400,224.0974819946289,220.68016159057618,0.04309567263758818
2025-09-23,253.7122344970703,256.6140289111009,252.86464151383097,255.15815615601056,60275200,225.01581451416016,220.74317512512206,-0.006443219116596399
2025-09-24,251.59820556640625,255.01853710208397,250.33178410429736,254.49999981420794,42303700,225.88210479736327,220.7938298034668,-0.008332388601025364
2025-09-25,256.14532470703125,256.4444966190252,250.99989343760635,252.49566170312627,55202100,226.81842041015625,220.8670711517334,0.018072939472633998
2025-09-26,254.7393341064453,256.8732963908738,253.06406560531616,253.38317016390945,46076300,227.72940490722655,220.93427627563477,-0.005489034797703463
2025-09-29,253.7122344970703,254.28063380560434,252.29624220529692,253.8418726304012,40127700,228.59673950195312,220.9769199371338,-0.004031963155504692
2025-09-30,253.9116668701172,255.1980209495745,252.39595068950493,254.1410137555297,37704300,229.44216522216797,221.0154931640625,0.0007860573749713939
2025-10-01,254.72933959960938,258.0599285933123,254.21080232618834,254.32049261064776,48713900,230.2656964111328,221.0645140838623,0.0032203038937570483
2025-10-02,256.40460205078125,257.45162766856953,253.43299812845933,255.85613542550084,42630200,231.12771270751952,221.11460792541504,0.006576637201686664
2025-10-03,257.2920837402344,258.5086431914624,253.23357360959045,253.9515436206674,49155600,232.01524841308594,221.16829460144044,0.0034612549164674267
2025-10-06,255.9658660888672,258.339156849437,254.33049322602108,257.262186546101,44664100,232.8738687133789,221.20089256286622,-0.00515452178741016
2025-10-07,255.75645446777344,256.6738420114173,254.70939836699205,256.0855101139428,31955800,233.7249139404297,221.22032096862793,-0.0008181232298413166
2025-10-08,257.33197021484375,257.7906639625656,255.3874592951906,255.7963062732735,36496900,234.66285034179688,221.27460456848144,0.0061602189096221505
2025-10-09,253.32330322265625,257.27213808351553,252.42584836214985,257.08267167133846,38322000,235.56483795166017,221.30020011901854,-0.015577803989301087
2025-10-10,244.57806396484375,255.6567217403356,243.3116425485481,254.2207817432353,61999100,236.32140350341797,221.2587184906006,-0.03452204809648307
2025-10-13,246.96133422851562,248.98560621270488,244.86725241658198,248.67648318296307,38142900,237.22902404785157,221.22527809143065,0.009744415443628807
2025-10-14,247.07101440429688,248.14796941642882,244.00966795095763,245.90431694508948,35478000,238.11951507568358,221.17782905578613,0.0004441188177246591
2025-10-15,248.63658142089844,251.10959602979932,246.77186176083558,248.78616738422895,33893600,239.04988342285156,221.1341340637207,0.006336506208048043
2025-10-16,246.7519073486328,248.33741809379524,244.43846029169785,247.54965348458146,39777000,239.73677459716797,221.098056640625,-0.007580035333075941
2025-10-17,251.5782470703125,252.66518358811555,246.57242016484557,247.3203043073955,49147000,240.3851287841797,221.10295333862305,0.01955948293789933
2025-10-20,261.50018310546875,263.63416054313814,254.90884523128253,255.168106265739,90483000,241.04625793457032,221.16630325317382,0.039438767662544505
2025-10-21,262.0286865234375,264.5415968076956,261.0913359303388,261.141213133835,46695900,241.7560498046875,221.2649370574951,0.002021044160246621
2025-10-22,257.7209167480469,262.1084981259862,254.70941678507808,261.9090501595624,45015300,242.33042541503906,221.34446640014647,-0.016440069339527463
2025-10-23,258.8476867675781,259.8847613495841,257.28213901467177,259.206686997747,32754900,242.85394409179688,221.42148178100587,0.0043720549878099035
2025-10-24,262.07855224609375,263.3848541030092,258.44880663072195,260.4531458541269,38253700,243.45304901123046,221.52851287841796,0.012481724364091562
2025-10-27,268.0516357421875,268.3607587413759,263.9033682058253,264.13273028939324,44888200,244.19534851074218,221.66297508239745,0.022791195406501652
2025-10-28,268.2410888671875,269.12859257872884,267.39348082722177,268.23110734142335,41534800,244.95539764404296,221.82744873046875,0.0007067784700340862
2025-10-29,268.93914794921875,270.6443152614699,266.35642794866993,268.5203194424725,51086700,245.73598937988282,222.00758499145508,0.0026023570250897077
2025-10-30,270.63433837890625,273.36662916750566,267.72259312931254,271.2226702585742,69886500,246.64122833251952,222.20176162719727,0.006303249053230431
2025-10-31,269.60723876953125,276.53764389728985,268.4006608909581,276.2085578376442,86167100,247.54806274414062,222.36799842834472,-0.0037951562818203666
2025-11-03,268.2909851074219,270.08592548154905,265.4988962118729,269.6571458353552,50194600,248.371533203125,222.57539894104005,-0.004882115436205092
2025-11-04,269.2781982421875,270.72408938596277,266.86501191822913,267.5730004152706,49274800,249.2267138671875,222.77919013977052,0.0036796358788213634
2025-11-05,269.3778991699219,270.93349568379296,266.17693326929896,267.8521863717013,43683100,250.04101013183595,223.0199468231201,0.00037025250608935245
2025-11-06,269.0089416503906,272.6287059365568,267.1342708755924,267.1342708755924,51204000,250.82439331054687,223.25294654846192,-0.0013696651457605347
2025-11-07,267.7126159667969,271.5218466038475,266.0173996929098,269.03885049148494,48227400,251.54056732177733,223.4803089904785,-0.004818894404181151
2025-11-10,268.9303283691406,273.2223721938244,266.9639805623884,268.46119877683986,41312400,252.28947174072266,223.7181322479248,0.004548580566314353
2025-11-11,274.73956298828125,275.3983427074405,269.2996575494418,269.3096487524697,46208300,253.20282440185548,223.94982635498047,0.021601262506795837
2025-11-12,272.962890625,275.2187095291286,271.19618380015726,274.49005224267427,48398000,253.90613708496093,224.13090377807617,-0.006466751071293797
2025-11-13,272.4438171386719,276.1868626363035,271.58539619817094,273.6016390736082,49602800,254.5729428100586,224.30392066955565,-0.001901626573266424
2025-11-14,271.90484619140625,275.4482508823214,269.10005949599775,270.5473523374902,47431300,255.2307635498047,224.48303665161131,-0.001978282909578022
2025-11-17,266.9639892578125,269.98836893107386,265.237217022597,268.3214829895084,45018300,255.82586486816408,224.6453478240967,-0.01817127205638569
2025-11-18,266.94403076171875,270.20795552947055,264.8279672087311,269.48928956232544,45677300,256.4909677124023,224.84725563049315,-7.47610048428271e-05
2025-11-19,268.0619812011719,271.70520656667077,265.0076580872151,265.0376012369211,40424500,257.32920349121093,225.03095512390138,0.004187958188325291
2025-11-20,265.7562561035156,274.91922505965954,265.42688147061517,270.327749378444,45823600,258.0567071533203,225.20476554870606,-0.008601462569680418
2025-11-21,270.98651123046875,272.8230952896135,265.17732758833057,265.4568071090486,59030800,258.8082437133789,225.40100105285646,0.019680647235321702
2025-11-24,275.4083557128906,276.48633959077114,270.397645153795,270.397645153795,65585800,259.59576599121095,225.64711837768556,0.016317581500066458
2025-11-25,276.45635986328125,279.8600396675645,274.7395483878858,274.75950033189645,46914200,260.3753302001953,225.89713287353516,0.0038052736187974556
2025-11-26,277.0353088378906,279.0116481613461,276.11703191175064,276.4464065684995,33431400,261.14972045898435,226.12532264709472,0.002094178534708613
2025-11-28,278.3328857421875,278.4826014787427,275.4781737009374,276.7458380127342,20135600,261.9721997070312,226.33886199951172,0.0046837961187689015
2025-12-01,282.57501220703125,282.89442609469603,275.62792768573877,277.4944549964911,46587700,262.72755157470704,226.5504344177246,0.01524119743713337
2025-12-02,285.6592712402344,286.86701880065203,282.10587559562896,282.47518456741903,53669500,263.3335858154297,226.76215888977052,0.010914832876105063
2025-12-03,283.623046875,288.0847586222564,282.77461708045536,285.6692634925469,43538700,263.93180206298825,226.96434875488282,-0.007128157809805358
2025-12-04,280.179443359375,284.20196835267484,278.07334059490756,283.5731318378766,43989100,264.50342681884763,227.147331161499,-0.012141479874668626
2025-12-05,278.26300048828125,280.6186397013617,277.53434330937836,280.01974631085085,47265800,264.94578033447266,227.31595657348632,-0.006840055245008081
2025-12-08,277.3746643066406,279.15136205700173,275.6378704438954,277.6142094762677,38211800,265.39848693847654,227.48153289794922,-0.003192433705098474
2025-12-09,276.6659851074219,279.5107061083118,276.4064879695729,277.6441787437343,32193300,265.8575619506836,227.635856552124,-0.0025549528865235205
2025-12-10,278.26300048828125,279.2312028389952,275.92734368017386,277.23491184461454,33038300,266.3445886230469,227.79846382141113,0.005772358970110858
2025-12-11,277.514404296875,279.07150890817053,273.3022288840155,278.5824273392719,33248000,266.8002899169922,227.99055252075195,-0.002690246960942222
2025-12-12,277.763916015625,278.70217518025987,276.30663218031253,277.38461586894516,39532900,267.22747619628905,228.19910827636718,0.0008990946591842519
2025-12-15,273.6016540527344,279.63046152672615,272.33402020742307,279.63046152672615,50409100,267.55366760253906,228.3642721557617,-0.014984890847580368
2025-12-16,274.1007385253906,274.9891026980292,271.2859911871425,272.3140798989353,37648600,267.9163650512695,228.5508812713623,0.0018241281266524467
2025-12-17,271.33587646484375,275.6478724530811,271.13626563598973,274.50001118897205,50138700,268.22795349121094,228.73411094665528,-0.010087028861802017
2025-12-18,271.68524169921875,273.12257373871984,266.4549687260805,273.1025913325419,51630700,268.51501892089846,228.92003234863282,0.001287574790797219
2025-12-19,273.1625061035156,274.09077415448866,269.399477884542,271.6453053723066,144632000,268.91180297851565,229.11537940979005,0.005437411303821804
2025-12-22,270.4674987792969,273.37210596231955,270.00836035897595,272.3539780142796,36571800,269.42959167480467,229.27864959716797,-0.009865948891234266
2025-12-23,271.85491943359375,271.99467443806464,269.06012395403746,270.3377490962612,29642000,269.9274633789062,229.5065023803711,0.005129713035979311
2025-12-24,273.3022155761719,274.9192064044749,271.69521595033444,271.8349404799371,17910600,270.45208740234375,229.77461708068847,0.005323781322749355
2025-12-26,272.89300537109375,274.8593534534055,272.35399820928086,273.65160578690546,21521800,270.93721588134764,230.05988441467287,-0.0014972809650131147
2025-12-29,273.2523498535156,273.8512128461511,271.8449608988494,272.1843267483383,23715200,271.4672247314453,230.3832565307617,0.0013167962364342145
2025-12-30,272.57354736328125,273.57169281796894,271.77504318392386,272.30405905646904,22139600,271.8871307373047,230.6842847442627,-0.0024841597541549465
2025-12-31,271.3558349609375,273.17246717497864,271.24605357156486,272.553621806917,27293600,272.08424377441406,230.97668777465822,-0.004467463604312272
2026-01-02,270.5074462890625,277.32476727085935,268.5011639041959,271.7551282774649,37838100,272.2538189697266,231.2713645172119,-0.00312648029845064
2026-01-05,266.764404296875,271.00652312062255,265.64648609237463,270.1381413175191,45647200,272.43468872070315,231.53464309692382,-0.013837112595369017
2026-01-06,261.87347412109375,267.05385240251036,261.63392891626114,266.5048844877732,52352100,272.4952044677734,231.77913696289062,-0.01833426835440255
2026-01-07,259.84722900390625,263.1910228349833,259.3282042611396,262.7119324450406,48309800,272.45057800292966,231.99275924682618,-0.007737496605901173
2026-01-08,258.55963134765625,258.80916773471864,255.22581364132833,256.5433578451618,50419300,272.26073791503904,232.18770820617675,-0.0049552102640688656
2026-01-09,258.8890075683594,259.7274461787287,255.74485516422806,258.5995368285105,39997000,272.0736962890625,232.3692833709717,0.0012738888084979916
2026-01-12,259.7673645019531,260.81540508500296,256.32375036738995,258.679389570116,45263800,271.8902606201172,232.56629203796388,0.003392793467145605
2026-01-13,260.5658874511719,261.3244878277737,257.9108470550362,258.24022168851656,45730800,271.6888916015625,232.75575424194335,0.00307399257312313
2026-01-14,259.4779052734375,261.33447181199796,256.23393227813756,259.0087756526009,40019400,271.48630493164063,232.96937019348144,-0.004175458991876879
2026-01-15,257.7311706542969,260.55593980217856,256.57331808587395,260.16664839115424,39388600,271.2751086425781,233.15321357727052,-0.006731727764257678
2026-01-16,255.05612182617188,258.41986733264514,254.4572284259222,257.4217218192236,72142800,270.9906671142578,233.318409576416,-0.010379221191344046
2026-01-20,246.2425079345703,254.31750190322293,242.9685916985444,252.26132447540706,80267500,270.5279592895508,233.4360558319092,-0.034555586545020445
2026-01-21,247.1907501220703,251.09350304772093,244.72532928784554,248.23880604127606,54641700,270.0915954589844,233.66139930725097,0.0038508468560267684
2026-01-22,247.8894500732422,250.53452965267718,247.68980878155546,248.737864640942,39708300,269.6951321411133,233.9638971710205,0.002826561879143208
2026-01-23,247.58001708984375,248.94748685874615,244.22624741136653,246.86136630134166,41689000,269.2681259155273,234.2992658996582,-0.0012482700788880585
2026-01-26,254.93637084960938,256.08423219515316,249.33677343540953,251.01365072947274,55969200,268.8720620727539,234.71637893676757,0.029713035188522863
2026-01-27,257.7910461425781,261.4642450011371,257.73115984508394,258.6894015269614,49648300,268.5686251831055,235.01630996704102,0.011197599163490057
2026-01-28,255.96444702148438,258.3799421919039,254.03801819206552,257.1721946066941,41288000,268.2390377807617,235.34903648376465,-0.007085580156587334
2026-01-29,257.801025390625,259.16847988830324,253.93820707645818,257.52154586161765,67253000,267.9569613647461,235.65249900817872,0.0071751307281611165
2026-01-30,258.99884033203125,261.4143357105436,251.71235892004358,254.6968198516284,92443400,267.79765838623047,235.94021545410158,0.004646276870277299
2026-02-02,269.50927734375,269.98836769074944,258.72928762151224,259.5477742456141,73913400,267.8489633178711,236.28237411499023,0.040581019583889155
2026-02-03,268.98028564453125,271.3758289780004,267.11372779647115,268.70080609664296,64394700,267.8673294067383,236.66103103637695,-0.0019627958800989553
2026-02-04,275.97723388671875,278.432693698261,271.7850411492978,271.7850411492978,90545700,268.07174896240235,237.0611937713623,0.02601286642781786
2026-02-05,275.3983459472656,278.98168486317746,272.72332314901723,277.6142303156022,52977400,268.1599856567383,237.4774617767334,-0.002097593092373451
2026-02-06,277.6042175292969,280.3890519626743,276.4164219647768,276.6060720438839,50453400,268.2039028930664,237.8720319366455,0.008009748840153375
2026-02-09,274.3672180175781,277.9439398399519,271.4499228389202,277.6541982366954,44623400,268.16212005615233,238.22624488830567,-0.01166048390953256
2026-02-10,273.4280700683594,275.11651686144285,272.68876099546605,274.6369782150198,34376900,268.08997528076173,238.55701126098631,-0.003422959769044165
2026-02-11,275.24639892578125,279.92208361183503,274.1973776592452,274.44714753122867,51931300,268.0282455444336,238.8923430633545,0.006650117732854843
2026-02-12,261.4891052246094,275.46621856633783,259.94051360693726,275.3363333447182,81077200,267.60652740478514,239.15461112976075,-0.04998173910671744
2026-02-13,255.5445556640625,261.9886306947134,255.21485759663088,261.7688319830923,56290700,267.00423309326175,239.3818344116211,-0.022733450234726726
2026-02-17,263.6371154785156,266.0449008431299,255.30478047881587,257.8124646511843,58469100,266.60451446533204,239.6431044769287,0.03166790148756515
2026-02-18,264.106689453125,266.57441720150126,262.20844437502524,263.35737977838915,34203300,266.283059387207,239.90264404296875,0.0017811375828364895
2026-02-19,260.3401184082031,264.2365527856389,259.81060750150084,262.35827847824623,30845300,265.92460174560546,240.182991104126,-0.014261551090285374
2026-02-20,264.3364562988281,264.5063132392292,257.9223826043077,258.73163460792017,42070500,265.66383758544924,240.51545013427733,0.015350449692731916
2026-02-23,265.9349670410156,269.1819753311392,263.13755670993424,263.24744081710827,37308200,265.44921722412107,240.8577918243408,0.006047257970275721
2026-02-24,271.8895263671875,274.6369951599546,267.46358073991865,267.61343657617186,47014600,265.3217477416992,241.24114685058595,0.02239103564464129
2026-02-25,273.97760009765625,274.6869380517792,270.8005039088116,271.5298429675081,33714300,265.25101165771486,241.62877487182618,0.007679860855135612
2026-02-26,272.6987609863281,275.8558253670768,270.55071567552415,274.6969199809464,32345100,265.1497085571289,242.00483589172364,-0.0046676776162442035
2026-02-27,263.93682861328125,272.5588900215503,262.6480379442022,272.5588900215503,72366500,264.95641204833987,242.2747348022461,-0.03213044438249635
2026-03-02,264.476318359375,266.2846497598317,259.960490133898,262.16844722421786,41827900,264.76392364501953,242.53667343139648,0.0020440108677830526
2026-03-03,263.5072326660156,265.31556422164516,259.8905695547566,263.23749216234586,38568900,264.60735076904297,242.79675476074217,-0.003664168116717992
2026-03-04,262.2783508300781,265.9050144519466,261.179387723623,264.4063951364299,39803100,264.41921295166014,243.05507431030273,-0.0046635601744375865
2026-03-05,260.0504150390625,261.3192350446657,257.01320478174756,260.54995479568396,49658600,264.1569711303711,243.30320037841796,-0.008494547048829904
2026-03-06,257.2229919433594,258.53178361058343,254.13584003818684,258.39192833924307,41120000,263.89208099365237,243.5495403289795,-0.010872595974432131
2026-03-09,259.6407775878906,260.9095975388004,253.44647267699952,255.45463216869055,38218500,263.6477981567383,243.81753128051758,0.009399570490431275
2026-03-10,260.58990478515625,262.2384104290217,256.71350175461305,257.4128391437035,30590800,263.393551940918,244.11402374267578,0.0036555398041986376
2026-03-11,260.5699157714844,261.888707997661,259.3110658747261,260.8496568052655,26218900,263.14709014892577,244.41405166625975,-7.670678451010549e-05
2026-03-12,255.52456665039062,258.71164792954545,253.94601921584928,258.4219063383753,40794000,262.79253448486327,244.71918258666992,-0.01936274610273292
2026-03-13,249.8897705078125,256.0940459350445,249.29033192864068,255.24483747003174,36930000,262.3388589477539,244.9715370941162,-0.022051876328148423
2026-03-16,252.58729553222656,253.6563027081548,249.6499992581203,251.87794235419486,32074200,261.9634881591797,245.23633346557617,0.010794859745288043
2026-03-17,253.99598693847656,254.89516767044782,251.94787083452104,252.72716690012706,32361600,261.633258972168,245.51051399230957,0.005577047742174601
2026-03-18,249.70994567871094,254.70534343896443,248.7708084606242,252.3974721128864,35757900,261.2921697998047,245.75878204345702,-0.01687444479508171
2026-03-19,248.73085021972656,251.5982036354298,247.0723745163624,249.17043241392184,34864100,261.02931732177734,245.9979214477539,-0.003920930967820313
2026-03-20,247.76173400878906,248.97061168291066,245.77356028907465,247.7517334570195,88331100,260.787607421875,246.2243962097168,-0.0038962445152316283
2026-03-23,251.25851440429688,254.3656523266213,250.0496214753341,253.73622734962268,40546100,260.64158508300784,246.4705960083008,0.014113480475494988
2026-03-24,251.4083709716797,254.5954370944537,249.32029842391177,250.1195650925759,45152300,260.4919723510742,246.72845184326172,0.0005964238375686381
2026-03-25,252.38746643066406,254.76528059453105,251.3684162845015,253.86611511385965,28476700,260.34437438964846,246.97481819152833,0.0038944425565474727
2026-03-26,252.6572265625,256.76344411909713,250.53918279672283,251.88793104116345,41796700,260.186201171875,247.23483451843262,0.0010688333127273353
2026-03-27,248.57098388671875,255.2548282141602,247.8416601166152,253.666280215245,47900000,259.96806274414064,247.4683437347412,-0.016173068672430957
2026-03-30,246.40298461914062,250.63907198816298,245.28400520065438,249.83982057534305,39446200,259.7414990234375,247.71038612365723,-0.008721851736991693
2026-03-31,253.55638122558594,255.24482803058763,246.87255213324852,247.6818040942864,49598100,259.7115042114258,247.98610374450683,0.029031290418426448
2026-04-01,255.3946990966797,255.94418062939917,253.096813183035,253.8461228128272,40059400,259.894548034668,248.28470863342284,0.007250134515282447
2026-04-02,255.68443298339844,255.89424639361263,250.4192795609811,253.96601496217014,31289400,260.06442169189455,248.574951171875,0.0011344553655323608
2026-04-06,258.6217041015625,261.9186847371787,256.2239194053331,256.27389167390277,29329900,260.27906677246096,248.89372512817383,0.011487876222620041
2026-04-07,253.26666259765625,255.96418954301222,245.47383916108728,255.92421782448065,62148000,260.3927996826172,249.1810424041748,-0.0207060792616357
2026-04-08,258.66168212890625,259.51090582044134,256.29386854025813,258.2121146377317,41032800,260.4673059082031,249.47332206726074,0.021301735790709264
2026-04-09,260.2502136230469,260.879638597066,255.8342992320816,258.7615948993736,28121600,260.5164892578125,249.77105430603027,0.006141348347641795
2026-04-10,260.240234375,261.94865175168746,258.78155637925676,259.7406946341393,31291500,260.6020050048828,250.07471290588379,-3.834482173115106e-05
2026-04-13,258.96142578125,259.9405042051452,256.4237552437805,259.49093671136296,36234700,260.6252130126953,250.36570236206055,-0.004913954203973225
2026-04-14,258.59173583984375,261.68888841493145,256.9532612999924,259.01136264890187,48370700,260.61707092285155,250.65763229370117,-0.00142758690909639
2026-04-15,266.18475341796875,266.3146386359468,257.57269269729437,257.92237663273806,49913500,260.55058044433594,250.98712898254394,0.02936295529114541
2026-04-16,263.15753173828125,266.91408037974617,261.0294875448873,266.55439590858066,43323100,260.43412536621094,251.28112037658693,-0.011372633634406881
2026-04-17,269.98126220703125,272.0493335842862,266.47448343207725,266.7142527536172,61436200,260.3142059326172,251.59603271484374,0.02593021154924191
2026-04-20,272.79864501953125,274.0275237795767,270.04120633500696,270.08114756253855,36590200,260.2622119140625,251.90202323913573,0.010435475371396441
2026-04-21,265.9250183105469,272.5488901425708,265.1557075406741,271.250098918132,50209800,260.0286279296875,252.16811752319336,-0.025196703995697067
2026-04-22,272.9185791015625,273.48803128351057,266.62435952726383,267.5734973129919,43249200,259.99965515136716,252.4871085357666,0.026298995241013978
2026-04-23,273.1783142089844,275.5161566987003,271.39995382845746,274.79681820267325,33399600,259.9946600341797,252.80709953308104,0.0009516944880663125
2026-04-24,270.81048583984375,272.80864483253174,269.4017800912603,272.50893317942314,38157100,259.90594177246095,253.10962364196777,-0.008667702544387201
2026-04-27,267.3636474609375,268.1129570778125,264.8260075108844,265.84505761361925,41466800,260.0234326171875,253.3885885620117,-0.012727861582674027
2026-04-28,270.4608154296875,272.97851539952296,268.4127145556596,272.0893199684016,40018900,260.3217578125,253.68926467895508,0.011584102768505522
2026-04-29,269.92132568359375,270.7905199823619,266.7942019267937,267.3037117460274,30047900,260.44744201660154,253.99989326477052,-0.001994705758897597
2026-04-30,271.1002502441406,275.7459641951834,267.893213328058,270.25102650288807,91848200,260.5873132324219,254.31397605895995,0.004367659937802859
2026-05-01,279.88214111328125,286.95561044034525,278.1137509144006,278.6032901046287,79915400,260.97815368652346,254.66673904418946,0.03239351812191993
2026-05-04,276.5751647949219,280.3716851917065,274.60697695873915,279.4025768563376,46668400,261.2229278564453,255.0036643218994,-0.011815603186417278
2026-05-05,283.9184265136719,284.30808218316156,276.2455026895375,276.6750995896243,49311700,261.5825970458984,255.37152893066406,0.026550690927708454
2026-05-06,287.245361328125,287.76487170009636,280.8112868075762,281.66051049385584,58336100,261.8897137451172,255.7495538330078,0.011717924952267644
2026-05-07,287.1754150390625,291.8611003514943,285.5169394038565,289.00371711581823,45224300,262.15367004394534,256.1176670074463,-0.00024350711440246364
2026-05-08,293.0500183105469,294.4886952888782,289.7330669166447,289.7430674686918,52692800,262.56069519042967,256.5163981628418,0.020456497888878378
2026-05-11,292.67999267578125,293.8800048828125,290.2300109863281,291.9800109863281,42247300,263.1355584716797,256.91522163391113,-0.0012626705737772692
2026-05-12,294.79998779296875,295.2699890136719,292.55999755859375,292.55999755859375,45748100,263.7420318603516,257.3240473175049,0.007243389265544797
2026-05-13,298.8699951171875,300.9200134277344,293.5,293.5,52684300,264.449287109375,257.75237632751464,0.013805995565634221
2026-05-14,298.2099914550781,300.45001220703125,295.3800048828125,299.82000732421875,35324900,265.167919921875,258.19125053405764,-0.00220833028705536
2026-05-15,300.2300109863281,303.20001220703125,296.5199890136719,297.8999938964844,54862800,265.9715118408203,258.6512809753418,0.0067738157309671365
2026-05-18,297.8399963378906,300.6600036621094,294.9100036621094,300.239990234375,34483000,266.78385192871093,259.10673202514647,-0.007960612067346995
2026-05-19,298.9700012207031,300.510009765625,296.3500061035156,296.9700012207031,42243600,267.5704364013672,259.5936804962158,0.003793999787491842
2026-05-20,302.25,302.79998779296875,298.0799865722656,298.17999267578125,38229800,268.40363830566406,260.09219818115236,0.0109709963070026
2026-05-21,304.989990234375,305.5400085449219,300.3999938964844,301.05999755859375,42965100,269.2920397949219,260.6065573120117,0.009065310949131433
2026-05-22,308.82000732421875,311.3999938964844,305.8399963378906,306.1199951171875,43670200,270.35794860839843,261.08862060546875,0.012557845216167651
2026-05-26,308.3299865722656,311.82000732421875,307.6700134277344,309.55999755859375,48000500,271.5267529296875,261.53446784973147,-0.001586751960143129
2026-05-27,310.8500061035156,313.260009765625,308.29998779296875,308.3299865722656,50430900,272.69200714111327,261.9464992523193,0.008173125031610828
2026-05-28,312.510009765625,312.79998779296875,309.57000732421875,310.67999267578125,48220400,273.86228759765623,262.3763538360596,0.005340207912225559
2026-05-29,312.05999755859375,315.0,309.5299987792969,311.7799987792969,70026800,275.1092886352539,262.7916431427002,-0.001439992937726231
2026-06-01,306.30999755859375,310.94000244140625,305.0199890136719,309.6300048828125,48849900,276.26087158203126,263.15983436584474,-0.018425943872925732
2026-06-02,315.20001220703125,315.45001220703125,306.69000244140625,307.4599914550781,44534700,277.6096371459961,263.5752178955078,0.029022933365852488
2026-06-03,310.260009765625,316.94000244140625,308.8500061035156,314.17999267578125,50836700,278.7896670532227,263.97183464050295,-0.015672595971098935
2026-06-04,311.2300109863281,313.5400085449219,309.6499938964844,313.2300109863281,44869100,279.9860998535156,264.37679153442383,0.0031264139436979477
2026-06-05,307.3399963378906,315.1700134277344,307.1499938964844,312.8599853515625,65310500,281.0851504516602,264.76394371032717,-0.012498841728371679
2026-06-08,301.5400085449219,317.3999938964844,301.1700134277344,308.739990234375,77949100,282.0628060913086,265.14478179931643,-0.01887156849768501
2026-06-09,290.54998779296875,300.75,287.7799987792969,300.2799987792969,70108800,282.9023861694336,265.4762041473389,-0.03644631040831148
2026-06-10,291.5799865722656,294.75,287.3800048828125,290.739990234375,52793300,283.8059262084961,265.79851676940916,0.003544996808021894
2026-06-11,295.6300048828125,297.0,289.5899963378906,293.7200012207031,42572500,284.64739868164065,266.14407096862794,0.013889904990249002
2026-06-12,291.1300048828125,297.1400146484375,289.6199951171875,296.0299987792969,38742100,285.36210479736326,266.4564055633545,-0.015221729613622226
